Business_Name,User,Rating,Date,Review_Text,Processed_Text,Sentiment_Label,Review_Length
KFC Madurai,Mohammed sameer,3,3 months ago,"The food here is okay, but only really good on Wednesdays when there are offers. The service was fairly standard, and the atmosphere was generally pleasant. Overall it's above average when compared to its competitors franchises.",food here okay but only really good wednesdays when there offers service fairly standard atmosphere generally pleasant overall its above average when compared its competitors franchises,Neutral,26
KFC Madurai,Aswath,3,7 months ago,"Ordering experience was easy and the KFC chicken was decent enough... But the chicken wrap was not good at all, please don't use paratha instead use naan or kubos as a wrap.",ordering experience easy kfc chicken decent enough but chicken wrap not good all please dont use paratha instead use naan kubos as wrap,Neutral,23
KFC Madurai,Pradeep Sanjay,1,5 months ago,Very very worst food the chicken served in the Wednesday offer was very old chicken the bone of the chicken was too black and spoiled they not serving fresh chicken please avoid this branch and food department kindly seal it they regularly serving old chicken after eating this chicken the kids are suffering from stomach pain,very very worst food chicken served wednesday offer very old chicken bone chicken too black spoiled they not serving fresh chicken please avoid branch food department kindly seal they regularly serving old chicken after eating chicken kids suffering from stomach pain,Negative,41
KFC Madurai,Vetri Venthan,5,2 years ago,"I had an absolutely delightful dining experience at this restaurant! The food was a true culinary masterpiece that exceeded all expectations. Every dish was expertly crafted with a perfect balance of flavors and textures that left my taste buds dancing with delight. Delicious  food 😋.

I'm fully satisfied with the spacious sitting area.
The staff are friendly and responsive, they took care of my order and acknowledged my queries too. I'm happy with the hospitality and services. Food was flavourful and scrumptious. I would really like to visit again. Thank you for your service team. ❤️✅",i had absolutely delightful dining experience restaurant food true culinary masterpiece exceeded all expectations every dish expertly crafted perfect balance flavors textures left my taste buds dancing delight delicious food im fully satisfied spacious sitting area staff friendly responsive they took care my order acknowledged my queries too im happy hospitality services food flavourful scrumptious i would really like visit again thank you your service team,Positive,66
KFC Madurai,Saravana Kumar Subramanian,5,3 months ago,We prefer the previous Classic Zinger burger with white mayo and sesame bun. The tandoori burger with spicy mayo is not up to the mark. But otherwise the fried chicken was good. We loved it!,we prefer previous classic zinger burger white mayo sesame bun tandoori burger spicy mayo not up mark but otherwise fried chicken good we loved,Positive,24
KFC Madurai,Sabari Raja,1,2 months ago,"I ordered the food in 10:30 - It’s been 1.45 hours, still, they’re not making any process of making

After evening, this restaurant works like stupids with very less employees- I’m getting this experience for the third time in a row, still, they haven’t shown any improvement

If the restaurant can’t run after night time or incapable of giving basic food, why it’s open after evening, such a worst KFC, you could ever visit

Don’t visit here",i ordered food its been hours still theyre not making any process making after evening restaurant works like stupids very less employees im getting experience third time row still they havent shown any improvement if restaurant cant run after night time incapable giving basic food why its open after evening such worst kfc you could ever visit dont visit here,Negative,60
KFC Madurai,NAVEEN RAJA Elangovan,3,6 months ago,"The place is good, food was as expected except, the chezza we had was just an overrated chiken with a little cheese grating.
The sauce on the cheeza dominated the flavour. I won't recommend that dish.

Rest was as per expectations. Ambience is good.",place good food as expected except chezza we had just overrated chiken little cheese grating sauce cheeza dominated flavour i wont recommend dish rest as per expectations ambience good,Neutral,29
KFC Madurai,srither sri,1,2 months ago,Very worst taste only salt no boiled 🤮🤮🤮🤮only masal,very worst taste only salt no boiled only masal,Negative,9
KFC Madurai,Pravin Rajkumar,5,4 months ago,Self service only and good interior 😍😍,self service only good interior,Positive,5
KFC Madurai,ra ja,1,4 months ago,"⚠️ Be careful at Madurai KFC
I noticed that staff were taking customers’ phones and posting reviews on their behalf.
Please be alert and do not hand over your mobile phone to anyone if asked. Better to write your own review later. 🤣",be careful madurai kfc i noticed staff were taking customers phones posting reviews their behalf please be alert do not hand over your mobile phone anyone if asked better write your own review later,Negative,34
KFC Madurai,SAN BA,1,9 months ago,"The girls in the cash register got the not so right attitude towards customers and treating em, as if they are offering it free of cost

BUCKET CHICKEN WITHOUT BUCKET 🤐

This is an international franchise for god's sake so, act like one",girls cash register got not so right attitude towards customers treating em as if they offering free cost bucket chicken without bucket international franchise gods sake so act like one,Negative,30
KFC Madurai,Loankartindia Pvt Ltd india,1,3 years ago,It's a old food and skin too is smelly and bad oil has been represented better take food directly or else please be calm. Never order in online it will affect your experience and taste of KFC. A brand name is getting spoiled as including on online order KFC madurai is never getting care about this issue.,its old food skin too smelly bad oil has been represented better take food directly else please be calm never order online will affect your experience taste kfc brand name getting spoiled as including online order kfc madurai never getting care about issue,Negative,43
KFC Madurai,Raj Zorp,1,7 months ago,"Ordered in Swiggy. In my entire life, I have not had the worst uncooked stale chicken KFC ever looks like all the items were prepared one week back these guys should be arrested by food security never go to the shop. This franchise needs to be closed immediately.",ordered swiggy my entire life i have not had worst uncooked stale chicken kfc ever looks like all items were prepared one week back these guys should be arrested by food security never go shop franchise needs be closed immediately,Negative,40
KFC Madurai,Narayanan Ramakrishnan,4,5 years ago,"Every one knows about it so I don't wanna say anything new about the KFC chicken point but in Madurai KFC all kind of chicken varieties are nice , especially smoky red chicken is one of the best for me,  burger, and chicken wrap also good in taste.... Waiting time here tooooo long they  need to arrest the waiting time so that everyone love to eat there and quickly move on to their work ... And some suggestions to KFC Madurai after this pandemic situation  everyone is love visiting this place they are also  following the SOP of Covid-19 better in the way but kindly clean and clear  the table quickly after the person complete his food so that the new comers to the shop will love to sit and eat there ... Give some extra plates to hold the food for the additional support to keep the tables clean to avoid wasting the food in the table.... Water for childrens is also essential need do that ...",every one knows about so i dont wanna say anything new about kfc chicken point but madurai kfc all kind chicken varieties nice especially smoky red chicken one best me burger chicken wrap also good taste waiting time here tooooo long they need arrest waiting time so everyone love eat there quickly move their work some suggestions kfc madurai after pandemic situation everyone love visiting place they also following sop covid better way but kindly clean clear table quickly after person complete his food so new comers shop will love sit eat there give some extra plates hold food additional support keep tables clean avoid wasting food table water childrens also essential need do,Positive,114
KFC Madurai,mohamed safiq,1,7 months ago,"Ordering processing too slow. After ordering, order takes more  40mins to serve. Service is extremely rage biting. Even manager and sales person not giving face to even call them as sister and brother. Never face this kind of experience in any KFC. They gives priority to very bigger orders only.  Overall service too bad, food is good",ordering processing too slow after ordering order takes more mins serve service extremely rage biting even manager sales person not giving face even call them as sister brother never face kind experience any kfc they gives priority very bigger orders only overall service too bad food good,Negative,47
KFC Madurai,T. Vishnuprasath,3,4 months ago,"I ordered 399rs -Wednesday chiken in kfc app, taste-average, size-little bit small compared to kfc anna nagar, no tissue provided, package- very average",i ordered rs wednesday chiken kfc app tasteaverage sizelittle bit small compared kfc anna nagar no tissue provided package very average,Neutral,21
KFC Madurai,Sureka Sugan,1,7 months ago,Need ur contact number. Kindly update. It is not reachable. We with our family n kids came to the kfc and did online payment of 489/-which was deducted and they said it is not working and then v tried again with the another menu for 611/- paid cash. Now the online payment is deducted don’t know how to contact ur restaurant and ask v r from Bangalore. Payment details and order number is still with me. Could you please give us ur number to contact.,need ur contact number kindly update not reachable we our family n kids came kfc did online payment which deducted they said not working then v tried again another menu paid cash now online payment deducted dont know how contact ur restaurant ask v r from bangalore payment details order number still me could you please give us ur number contact,Negative,61
KFC Madurai,Monesh Kannan,1,3 months ago,"Customer service was very bad. While I was ordering at the display and discussing another item with my friend, a female cashier wearing specs rudely told us not to stand there and to go and sit. Very disappointing experience.

Very very worst that casher girl",customer service very bad while i ordering display discussing another item my friend female cashier wearing specs rudely told us not stand there go sit very disappointing experience very very worst casher girl,Negative,33
KFC Madurai,Vishy Ganesan,1,a year ago,"Ordered 12 piece strips from Zomato and add-ons of 4 dips were not added. Is this not cheating?

Zomato didn't help either, instead asked if I'm okay to receive a refund of ₹30.

Worst.",ordered piece strips from zomato addons dips were not added not cheating zomato didnt help either instead asked if im okay receive refund worst,Negative,24
KFC Madurai,Sajeevan Amar,1,6 months ago,Very crowded place. No maintenance. Chicken seemed very old. Had to wait 1 hr for a takeaway order. Would suggest Thirunagar KFC for better taste and experience,very crowded place no maintenance chicken seemed very old had wait hr takeaway order would suggest thirunagar kfc better taste experience,Negative,21
KFC Madurai,Iyshwarya Kannan,1,7 months ago,"Very poor hygiene maintained, couldn’t even step into the space where rest room and wash basin is, drenched with water and food waste.

To add to this, while customers sit and eat, they are coming and cleaning the dustbins which is already overflowing",very poor hygiene maintained couldnt even step into space where rest room wash basin drenched water food waste add while customers sit eat they coming cleaning dustbins which already overflowing,Negative,30
KFC Madurai,Saravana Kumar,1,a year ago,"One of the worst service ever,  very ppor responce from Manger & Management, they are very rude, everybody waiting more than one hour, no maintenance,
One of the worst behaviour from mr.Nerlin raj",one worst service ever very ppor responce from manger management they very rude everybody waiting more than one hour no maintenance one worst behaviour from mrnerlin raj,Negative,27
KFC Madurai,Hariharan Manikandan,1,a year ago,The chicken is masala it like give adiped chicken without frying and the popcorn chicken is just wings but torned.The service took nearly 1 hour. To just saw 10 min please wait. It is the worst KFC I went. Please see and monitor the staff KFC. The popcorn chicken they gave is all torn like this only.,chicken masala like give adiped chicken without frying popcorn chicken just wings but tornedthe service took nearly hour just saw min please wait worst kfc i went please see monitor staff kfc popcorn chicken they gave all torn like only,Negative,40
KFC Madurai,VIVEKSIDDHARTH M,4,4 years ago,"Very nice dinning good service very spicy and crispy chicken good warm welcoming customers supporting peoples nice seating arrangements. Had a lot of space between chairs just chilling ourselves made a fine day with lot of gun full-filled. Expecting home delivery service from the restaurant. However, please confirm if the service is available here?",very nice dinning good service very spicy crispy chicken good warm welcoming customers supporting peoples nice seating arrangements had lot space between chairs just chilling ourselves made fine day lot gun fullfilled expecting home delivery service from restaurant however please confirm if service available here,Positive,45
KFC Madurai,Surendar G,5,4 years ago,"After long time went for KFC taste. Foods are as usual nothing new . Hot and Crispy ,Smoky Grill all are tastes good . Dining area is neatly maintained.  Parking place also properly segregated. Background themes in the wall is quite impressive as like usual KFC restaurants. Toilet cleanliness was not good. Covid protocols were followed which is quite appreciable.
Overall Good experience .",after long time went kfc taste foods as usual nothing new hot crispy smoky grill all tastes good dining area neatly maintained parking place also properly segregated background themes wall quite impressive as like usual kfc restaurants toilet cleanliness not good covid protocols were followed which quite appreciable overall good experience,Positive,51
KFC Madurai,Manjuparkavi Rajadurai,1,6 months ago,Everytime when I order something they used to miss few items... When I register a complaint through the agent they will just simply ask us to mail them and close the complaint conversation ... Such a cheap tactics... How irresponsible the members are? Even delivery partners are fed up with ur service...,everytime when i order something they used miss few items when i register complaint through agent they will just simply ask us mail them close complaint conversation such cheap tactics how irresponsible members even delivery partners fed up ur service,Negative,40
KFC Madurai,prashanth chandar k.c.dinakaran,5,a year ago,"Large Spacious outlet...had offer of buy 1 get 1 for the day...fanatbulous deal...you guys made my day

tried classic zinger chicken burger(buy 1 get offer)",large spacious outlethad offer buy get dayfanatbulous dealyou guys made my day tried classic zinger chicken burgerbuy get offer,Positive,19
KFC Madurai,A K,4,6 years ago,"Crispy Fried Chicken & Hot wings were finger licking good.The ambiance,service were good as usual, but the parking is bit tricky they don't have a proper parking space in front of the restaurant only 2 or 3 cars can be parked at a time.",crispy fried chicken hot wings were finger licking goodthe ambianceservice were good as usual but parking bit tricky they dont have proper parking space front restaurant only cars can be parked time,Positive,32
KFC Madurai,Sharmi Vijay,1,a year ago,"Kiosk helps in ordering the food; however, you don’t get a sms or a receipt . Not sure how long we have to remember the order number.  Just to show off their metrics , they move the order number from preparing to Ready in 5 mins. But order takes like half an hour. Doesn’t seem professional like the other kfcs.

Look at how they serve the burger. Looks like some buns on the side and the bun is not even hot.",kiosk helps ordering food however you dont get sms receipt not sure how long we have remember order number just show off their metrics they move order number from preparing ready mins but order takes like half hour doesnt seem professional like other kfcs look how they serve burger looks like some buns side bun not even hot,Negative,58
KFC Madurai,Mehjabul Farooque Ak,1,7 years ago,"Very worst KFC i ever had. Ordered Big 8, 5 pc grilled, chicken longer, pepsi, and dips. Big 8 broast having too much oil. Grilled chicken is nit up to the mark. Which means masala is not proper. Looks like a local masala. They dont have garlic dips. I'm very much disappointed by having food from here. They're giving like a street food. We can't consider this as a KFC. Because they're having a very low standard attitude.",very worst kfc i ever had ordered big pc grilled chicken longer pepsi dips big broast having too much oil grilled chicken nit up mark which means masala not proper looks like local masala they dont have garlic dips im very much disappointed by having food from here theyre giving like street food we cant consider as kfc because theyre having very low standard attitude,Negative,65
KFC Madurai,Ramya,1,7 months ago,"Really disappointed with food and service, ordered two tandoori zinger meals, the fries were cold and chewy and when asked for fresh fries they almost took 20 minutes, had to walk back and forth multiple times to get fresh fries. The worst KFC I have ever been to.",really disappointed food service ordered two tandoori zinger meals fries were cold chewy when asked fresh fries they almost took minutes had walk back forth multiple times get fresh fries worst kfc i have ever been,Negative,36
KFC Madurai,SELVAPRASANTH P,5,5 years ago,Neat and clean place having beverages . Administration following social distancing measures.Yummy and tasty dishes.Nice spot for selfies and photoshoot.,neat clean place having beverages administration following social distancing measuresyummy tasty dishesnice spot selfies photoshoot,Positive,15
KFC Madurai,Shanmuganathan Chokkalingam,3,5 months ago,"The quality of food will have to be still better.
Service is not so kind.
Have to improve a lot.",quality food will have be still better service not so kind have improve lot,Neutral,14
KFC Madurai,DURGA KUMAR,5,4 years ago,Hello People❤️ Here the service and food taste too good! You can come here for friends birthday treat😂😂 and the bill amount will be the friend' gift.. Come and Have Funnnn😉 All are good👻,hello people here service food taste too good you can come here friends birthday treat bill amount will be friend gift come have funnnn all good,Positive,26
KFC Madurai,Dhanasekar Mobile,1,5 months ago,"Too much crowded, staffs not able to handle the order, was waiting for more than 30 minutes for delivery. After having food in KFC, very first time feeling stomach upset 😭😭",too much crowded staffs not able handle order waiting more than minutes delivery after having food kfc very first time feeling stomach upset,Negative,23
KFC Madurai,Scriven Glef,1,5 months ago,"Food here sucks. I've had KFCs in other places, this is the worst kfc branch 🤢. No veggies in veg burger, chicken is also usually rough. Ordered, and they missed to give us pepsi. Burger sucks fr",food here sucks ive had kfcs other places worst kfc branch no veggies veg burger chicken also usually rough ordered they missed give us pepsi burger sucks fr,Negative,28
KFC Madurai,ritu sm,1,8 months ago,"If i could give 0 star i would have !!!!
My brother has been ordering from you guys since a long long time and never once there has been an issue !!!! But dont know what happened to your QC and Quality check person ?!! He is having a severe food poisoning, he is currently admitted ! He is having an important trip to travel this month too
If he doesnt get better , you guys wont be spared !",if i could give star i would have my brother has been ordering from you guys since long long time never once there has been issue but dont know what happened your qc quality check person he having severe food poisoning he currently admitted he having important trip travel month too if he doesnt get better you guys wont be spared,Negative,61
KFC Madurai,Yoga anand,1,8 months ago,Worst delivery ultimate savings bucket missing very.........worst delivery. Worst........,worst delivery ultimate savings bucket missing veryworst delivery worst,Negative,9
KFC Madurai,Gokul S,1,4 months ago,Appalling machines that don't work (3 out of 4 tried )despite there being no other way to pay for the food with a card. Poor service overall.,appalling machines dont work out tried despite there being no other way pay food card poor service overall,Negative,18
KFC Madurai,Sri V,4,2 years ago,"KFC's claim to fame is their fried chicken, and it lives up to the hype. The chicken is known for its crispy, flavorful crust and juicy interior. The seasoning is on point, and the sides like fries and mashed potatoes are classic complements. It's a reliable and satisfying fast-food experience.

All are automated... Less interaction with the store employees.",kfcs claim fame their fried chicken lives up hype chicken known its crispy flavorful crust juicy interior seasoning point sides like fries mashed potatoes classic complements its reliable satisfying fastfood experience all automated less interaction store employees,Positive,37
KFC Madurai,Dineshdevi,5,5 months ago,Very good choice for dinner.. The homemade hash is a must.. A good varity of choice for all taste,very good choice dinner homemade hash must good varity choice all taste,Positive,12
KFC Madurai,Ajithesh Jeyapal,1,a year ago,Bypass kfc is very worst when compared to other kfc. Ordered through ZOMATO and they delivered like some leftover chickens which was cold nd dry.,bypass kfc very worst when compared other kfc ordered through zomato they delivered like some leftover chickens which cold nd dry,Negative,21
KFC Madurai,Sanjeev Kumar,3,2 years ago,The taste is ok. It is not as good as it was hyped. The place is too crowded and took 45 min for the order to arrive. The food is also half cold.,taste ok not as good as hyped place too crowded took min order arrive food also half cold,Neutral,18
KFC Madurai,sɪᴅᴅʜᴀʀᴛʜ sᴀɴᴋᴀʀ,1,a year ago,𝗧𝗵𝗲𝘆 𝘀𝗲𝗿𝘃𝗲𝗱 𝗿𝗼𝘁𝘁𝗼𝗻 𝗮𝗻𝗱 𝘀𝗽𝗼𝗶𝗹 𝗰𝗵𝗶𝗰𝗸𝗲𝗻...𝗦𝗼 𝗽𝗹𝗲𝗮𝘀𝗲 𝗱𝗼𝗻'𝘁 𝗴𝗼 𝘁𝗵𝗲𝗿𝗲 𝘁𝗼 𝗲𝗮𝘁 𝘁𝗼 𝗸𝗳𝗰 𝗰𝗵𝗶𝗰𝗸𝗲𝗻...🙏🙏🙏👎👎👎,,Negative,0
KFC Madurai,Ramsy VU3XHZ (RAMSY),2,4 months ago,"Ordering systems broken, Poor hygiene in hand wash/room area. Slow service.",ordering systems broken poor hygiene hand washroom area slow service,Negative,10
KFC Madurai,Jeffrey Aaron,1,a year ago,"I have been coming to this kfc for the past 10 years, it has become worse year on year. I feel now it’s peaked.

1. Understaffed - the one who packs, is the one who cleans the table.
2. Worst behavior - the person who cleaned swept the table and pushed the food waste on the floor, when asked to use a tray, he quoted we will finally sweep at night.
3. Dissatisfied food - few pieces were overcooked and some were undercooked. Wish the know the meaning of peri peri seasoning over the chicken, cus it was coated just on one side.
4. Unacceptable atmosphere- flies everywhere, all over the kitchen. The hand wash is the worst filled with crisp of chicken.
5. Dated payment method- only cash payment and no other payment methods.

I couldn’t take in the fact that there is no proper service/ product for the money we pay. KFC is a world wide chain, yet it is so disappointing to see this outlet perform so bad!",i have been coming kfc past years has become worse year year i feel now its peaked understaffed one who packs one who cleans table worst behavior person who cleaned swept table pushed food waste floor when asked use tray he quoted we will finally sweep night dissatisfied food few pieces were overcooked some were undercooked wish know meaning peri peri seasoning over chicken cus coated just one side unacceptable atmosphere flies everywhere all over kitchen hand wash worst filled crisp chicken dated payment method only cash payment no other payment methods i couldnt take fact there no proper service product money we pay kfc world wide chain yet so disappointing see outlet perform so bad,Negative,116
KFC Madurai,Amar Nath,3,8 months ago,There was a good meal and nice friendly service and cosy atmosphere but some kids are selling a books inside the dinning area and that kid standing next to the counter long time none of the staffs they not bothered about that but we feel uncomfortable while placing the order...,there good meal nice friendly service cosy atmosphere but some kids selling books inside dinning area kid standing next counter long time none staffs they not bothered about but we feel uncomfortable while placing order,Neutral,35
KFC Madurai,Naveen Pandian Pandiyarajan,1,11 months ago,Worst food not cleaned the hair of the chicken leg,worst food not cleaned hair chicken leg,Negative,7
KFC Madurai,Pavithra,1,6 months ago,"I placed my order a long time ago, but it hasn’t been delivered yet. I already paid through GPay. When I call, no one attends, and there’s no reply to my messages. Very worst service from KFC — they are handling things very poorly.",i placed my order long time ago but hasnt been delivered yet i already paid through gpay when i call no one attends theres no reply my messages very worst service from kfc they handling things very poorly,Negative,38
KFC Madurai,Kamal Kannan,5,3 months ago,Good service hygienic food and tast wise good,good service hygienic food tast wise good,Positive,7
KFC Madurai,Vijay Bizgurukul,5,7 months ago,Kfc bypass road madurai branch manager Mr.arun kumar way of handling customer and hospitality service towards customers is very good and appreciatable,kfc bypass road madurai branch manager mrarun kumar way handling customer hospitality service towards customers very good appreciatable,Positive,18
KFC Madurai,ArunDesai Dileep,3,Edited 2 years ago,Spacious inside but car parking only available for two cars. Food delivery time can be make even much faster. Worst service ever so much delay in food delivery. Taking around 1 hr to get the food delivered.,spacious inside but car parking only available two cars food delivery time can be make even much faster worst service ever so much delay food delivery taking around hr get food delivered,Neutral,32
KFC Madurai,SURESH BABU,5,3 years ago,I am go to first time super experience good quality and food I am watching every people eat in chicken kfc chicken family audience kids like kfc chicken 🍗🍗🍗,i am go first time super experience good quality food i am watching every people eat chicken kfc chicken family audience kids like kfc chicken,Positive,25
KFC Madurai,Surya Surya,5,7 months ago,We have a good customer service with any time customer walk with peace full customer handling with good training management,we have good customer service any time customer walk peace full customer handling good training management,Positive,16
KFC Madurai,Saravanan Setty,5,3 years ago,"Has a clean restroom, card payment option is there but if you have an international card it might not work.",has clean restroom card payment option there but if you have international card might not work,Positive,16
KFC Madurai,prabu .M,1,a year ago,Please don't trust this franchise. They deliver garbage food. They don't watch the cooking instructions given in the app.they don't care about customer health.,please dont trust franchise they deliver garbage food they dont watch cooking instructions given appthey dont care about customer health,Negative,20
KFC Madurai,aravind aravind,1,3 years ago,"Old chicken was served, we just completed...and did not make any issues... they give another chicken and asked sry.. be careful while eating",old chicken served we just completedand did not make any issues they give another chicken asked sry be careful while eating,Negative,21
KFC Madurai,rajesh kannan,1,a year ago,"Madurai bypass KFC provide poor service while billing the card payment is not available and next i ordered burger but cheese stock not available.
REPLY from KFC is has no stock due to month start .
KFC is has not proper status .
Kindly try to maintain it 🙏",madurai bypass kfc provide poor service while billing card payment not available next i ordered burger but cheese stock not available reply from kfc has no stock due month start kfc has not proper status kindly try maintain,Negative,38
KFC Madurai,Nisheed S,1,a year ago,Such disappointment- no proper staffing - only one counter working - and delivery is fully messed up - spend around 50  min for a food parcel pick up - incl waiting at the single counter,such disappointment no proper staffing only one counter working delivery fully messed up spend around min food parcel pick up incl waiting single counter,Negative,24
KFC Madurai,T Vishva,1,4 months ago,Swiggy zomato delivery patners nit responding and food not ready delay staff irresponsible worst kfc ss colony staffs,swiggy zomato delivery patners nit responding food not ready delay staff irresponsible worst kfc ss colony staffs,Negative,17
KFC Madurai,Sophia Rai,4,6 years ago,One of my fav forever KFC where ever I go first thing I do is searching of nearby KFC 😊. Service was quick though it was busy weekend. Taste is forever my best & yes I found it’s cheap.,one my fav forever kfc where ever i go first thing i do searching nearby kfc service quick though busy weekend taste forever my best yes i found its cheap,Positive,30
KFC Madurai,Hari Roshan,1,11 months ago,"It's really a bad experience. We have not gone there at any odd times or anything. We were inside kfc at 8 pm. We ordered two burgers and wings... The two burgers were very bad.... The cheese in both the burgers were frozen . They were not even melted or even heated. The fried chicken was only a little warm.The mayonnaise was very little inside the burger. Overall it was a VERY WORST EXPERIENCE.... VERY DISAPPOINTED AS A PERSON WHO'S LIVES IN CHENNAI AND HAS EXPERIENCED KFC'S SHOPS THERE...... WORST OF ALL, THE BURGERS WERE NOT EVEN STACKED ON.... THEY WERE NOT JUST RIGHT....",its really bad experience we have not gone there any odd times anything we were inside kfc pm we ordered two burgers wings two burgers were very bad cheese both burgers were frozen they were not even melted even heated fried chicken only little warmthe mayonnaise very little inside burger overall very worst experience very disappointed as person whos lives chennai has experienced kfcs shops there worst all burgers were not even stacked they were not just right,Negative,78
KFC Madurai,Sanjay,5,7 months ago,Staff handling the customer as kindly and friendly and taste atmosphere is really great I love kfc,staff handling customer as kindly friendly taste atmosphere really great i love kfc,Positive,13
KFC Madurai,Jillujillu Jillujillu,1,10 months ago,Yesterday I had to come kalavasal KFC Really worst experience.. customer dealing is not good .. cashier dealing is very worst .. really really one of my bad experience.. Customers are waiting many hours but staffs are not attending them .. I won't come again .. and can't suggest to friends and families .. I saw some customers getting anger for this 💯,yesterday i had come kalavasal kfc really worst experience customer dealing not good cashier dealing very worst really really one my bad experience customers waiting many hours but staffs not attending them i wont come again cant suggest friends families i saw some customers getting anger,Negative,46
KFC Madurai,SR_ Studioz,1,8 months ago,"I ordered and waited for 1 hour but they don't follow the bill numbers, they deliver the food wrong, KFC is very disappointing to me.",i ordered waited hour but they dont follow bill numbers they deliver food wrong kfc very disappointing me,Negative,18
KFC Madurai,Hemapriya Anandan,1,6 months ago,Please people avoid kfc and also please avoid going WEDNESDAY they give old chicken which is Frozen for 2 to 3 days myself got food poison at this branch if u want to check see the chicken bone it will be black that is the old one I got food poison please don't go,please people avoid kfc also please avoid going wednesday they give old chicken which frozen days myself got food poison branch if u want check see chicken bone will be black old one i got food poison please dont go,Negative,40
KFC Madurai,Rooban Raj,1,3 months ago,I couldn't feel any taste in burger,i couldnt feel any taste burger,Negative,6
KFC Madurai,Ananth Kumar,1,2 years ago,"I ordered burgers and chicken buckets through app for pick up in KFC, No.61/4B,Byespass road, Madurai and i got one free chicken zinger burger as a compliment from KFC app! But during packing KFC staff of particular branch didnt pack the free burger and i didnt check the contents of my pick up package as a good faith! When i came to my home and i found the free burger is missing! I bought burgers as per kids(mine and my sisters) total count and now I couldn’t give a burger to one of my kid and its completely unacceptable and frustrating how they made fool out of me!! I am living 80 kms away from the particular branch and now how i will go and collect the damn burger? Its totally unacceptable!! Please check every damn order before leaving the counter!!",i ordered burgers chicken buckets through app pick up kfc nobbyespass road madurai i got one free chicken zinger burger as compliment from kfc app but during packing kfc staff particular branch didnt pack free burger i didnt check contents my pick up package as good faith when i came my home i found free burger missing i bought burgers as per kidsmine my sisters total count now i couldnt give burger one my kid its completely unacceptable frustrating how they made fool out me i am living kms away from particular branch now how i will go collect damn burger its totally unacceptable please check every damn order before leaving counter,Negative,112
KFC Madurai,Nakshatrah R K,1,11 months ago,My family and myself are greatly disappointed with the atmosphere over here . Soft drinks are spilled everywhere in the floor and the orders are not taken efficiently . There is no enough manpower. Kindly look into this issue.,my family myself greatly disappointed atmosphere over here soft drinks spilled everywhere floor orders not taken efficiently there no enough manpower kindly look into issue,Negative,25
KFC Madurai,RAMANAN RAMACHANDRAN,4,6 years ago,Good ambience and can accommodate 75 dine in at a time.kids can also. KFC is known for its taste.nothing to yell about ..have neat washrooms.,good ambience can accommodate dine timekids can also kfc known its tastenothing yell about have neat washrooms,Positive,17
KFC Madurai,senthil nath,1,a year ago,"I visited kfc and waited for order in queue with my 3 year old kid , the executive Ms subhasini informed she can't take order in counter and asked to wait for 5 mins. I waited long and no one even turned up to take my order. I had to leave with disappointment. Very worst customer service. Please improve customer service. Request you take appropriate action on concern staff.",i visited kfc waited order queue my year old kid executive ms subhasini informed she cant take order counter asked wait mins i waited long no one even turned up take my order i had leave disappointment very worst customer service please improve customer service request you take appropriate action concern staff,Negative,52
KFC Madurai,Naven kumar,2,7 months ago,"Worst experience had in this branch of KFC, no cleanliness no good service and worst maintained restroom",worst experience had branch kfc no cleanliness no good service worst maintained restroom,Negative,13
KFC Madurai,Sri Ram Palanichamy,4,4 years ago,Good all features and variety of kfc special food are available,good all features variety kfc special food available,Positive,8
KFC Madurai,Malar Vizhi,5,3 months ago,The food is worth but the price is high little bit,food worth but price high little bit,Positive,7
KFC Madurai,dts logu,5,4 years ago,"Madurai's best hangout place during evening time, this KFC is one of the best and oldest in Madurai, Good atmosphere and hygienic place to have good times with family and friends. Good quality of food and always little crowded in the evenings and weekends. A must visit place!!!",madurais best hangout place during evening time kfc one best oldest madurai good atmosphere hygienic place have good times family friends good quality food always little crowded evenings weekends must visit place,Positive,32
KFC Madurai,RUTH SAMLEE,3,9 months ago,"Was good but somewhat can feel raw smell
But taste wise everything is good",good but somewhat can feel raw smell but taste wise everything good,Neutral,12
KFC Madurai,Venkatesh RS,5,5 years ago,Madurai's first KFC. Everyone in the Madurai City delighted to crunch the chicken here. One of the best weekend out place,madurais first kfc everyone madurai city delighted crunch chicken here one best weekend out place,Positive,15
KFC Madurai,Imran khan b,1,8 months ago,"Very hygiene delivery point , warm welcome parking point (13.09.2025)11.30 am",very hygiene delivery point warm welcome parking point am,Negative,9
KFC Madurai,sarath kumar,5,5 months ago,Better avoid this KFC.. Taste totally different from other KFC..,better avoid kfc taste totally different from other kfc,Positive,9
KFC Madurai,Prashanth S,1,a year ago,"Worst customer service. The staff and manager don't know how to talk to customers, even though the fault is theirs. I ordered a takeout bucket chicken and two cheeseburgers with a bag. However, they packed the burgers without cheese, and they didn't provide me with a bag, which I paid for. During the pickup, I noticed there was no bag, so I asked, and the staff said they didn't have a bag & cheese. When I asked why they didn't inform me, I wanted to know how they packed my orders without informing me. She simply told me, I will give you a dip, just take it, that's all I can do. When I asked, What kind of attitude is this? she replied, Your cheese is just 15 rupees; I am giving you 30 rupees dip, just take it and leave. Even though I paid for two cheeseburgers which is 30rs, it felt like she was acting as if she was giving me something for free. When I asked for the manager, he came and simply said, I am sorry. When I asked how his staff could talk to customers like that, especially since it was her mistake not to inform me that the cheese and bag were unavailable, he said, I will say sorry; other than that, what do you expect me to do? I am saying sorry now. I really don't understand how they can talk to customers like this. Very poor service. They first need to learn how to communicate with customers.",worst customer service staff manager dont know how talk customers even though fault theirs i ordered takeout bucket chicken two cheeseburgers bag however they packed burgers without cheese they didnt provide me bag which i paid during pickup i noticed there no bag so i asked staff said they didnt have bag cheese when i asked why they didnt inform me i wanted know how they packed my orders without informing me she simply told me i will give you dip just take thats all i can do when i asked what kind attitude she replied your cheese just rupees i am giving you rupees dip just take leave even though i paid two cheeseburgers which rs felt like she acting as if she giving me something free when i asked manager he came simply said i am sorry when i asked how his staff could talk customers like especially since her mistake not inform me cheese bag were unavailable he said i will say sorry other than what do you expect me do i am saying sorry now i really dont understand how they can talk customers like very poor service they first need learn how communicate customers,Negative,199
KFC Madurai,Nidhila Naz,1,11 months ago,"- Wrong Delivery & No Response from Outlet (SS Colony Bypass Road)
Details: I placed an order yesterday (Wednesday Special for ₹399 + 2 Double Down Burgers + 1 Pepsi) from your SS Colony Bypass Road outlet. However, the delivery boy delivered the wrong items, which was fewer than  i ordered. When questioned, he fled and switched off his phone. The outlet has been unresponsive despite repeated attempts over the past 24 hours.
This is pure cheating",wrong delivery no response from outlet ss colony bypass road details i placed order yesterday wednesday special double down burgers pepsi from your ss colony bypass road outlet however delivery boy delivered wrong items which fewer than i ordered when questioned he fled switched off his phone outlet has been unresponsive despite repeated attempts over past hours pure cheating,Negative,59
KFC Madurai,karthi raj,5,6 months ago,Nice one atmospheric with good location on peacefull place,nice one atmospheric good location peacefull place,Positive,7
KFC Madurai,kannan Kaliappan,1,4 years ago,"Disappointed with taste. Is it really kfc?
Local brands tastes better than this
Better avoid this shop",disappointed taste really kfc local brands tastes better than better avoid shop,Negative,12
KFC Madurai,Theri Muthu Selvam,2,Edited 2 years ago,The chicken was not fried properly and we were served in an uncleaned plate. Worst KFC in Madurai.,chicken not fried properly we were served uncleaned plate worst kfc madurai,Negative,12
KFC Madurai,Pandi Balaram,1,Edited 11 months ago,Only the brand name is running this restaurant... The taste of the food is average... The dining hall is not neat and clean... Workers also never responded to the customers... Inside of the restaurant order machines are only designed for elite people not for the middle class...,only brand name running restaurant taste food average dining hall not neat clean workers also never responded customers inside restaurant order machines only designed elite people not middle class,Negative,29
KFC Madurai,Vinoth Kumar,5,7 months ago,Very nice experience with in all time favorite store ...,very nice experience all time favorite store,Positive,7
KFC Madurai,sangaiah palanisamy,1,a year ago,"One of the worst kfc center ever I’ve been inadequate staffing ultra slow service my ordered time is 1320 I’m writing this @1344 still I haven’t collected my food staffs telling that they are focused on dine in rather than take away just one question to management everyone is paying right furthermore toilet is literally hell to be there stinks like a sewage treatment plant they are not mopping tables as well I would rank this worst kfc outlet in the world they have to take serious action otherwise kfc would lose their reputation

Thank you in advance if you guys take action on these issues",one worst kfc center ever ive been inadequate staffing ultra slow service my ordered time im writing still i havent collected my food staffs telling they focused dine rather than take away just one question management everyone paying right furthermore toilet literally hell be there stinks like sewage treatment plant they not mopping tables as well i would rank worst kfc outlet world they have take serious action otherwise kfc would lose their reputation thank you advance if you guys take action these issues,Negative,84
KFC Madurai,Jaya Surya,5,2 months ago,Very satisfied the customer service,very satisfied customer service,Positive,4
KFC Madurai,Nithika,3,a year ago,"Crispy chicken is always the best! Smoky red grill chicken, on the other hand, isn't very spicy. Unfortunately, the double chicken roll was a disappointment. It's not worth the money - it's just a roll with crispy chicken and chapati. They took a long time to prepare that roll. I wouldn't recommend trying that roll. The restaurant didn't maintain good cleanliness. The staff only cleaned the table after you asked them to.",crispy chicken always best smoky red grill chicken other hand isnt very spicy unfortunately double chicken roll disappointment its not worth money its just roll crispy chicken chapati they took long time prepare roll i wouldnt recommend trying roll restaurant didnt maintain good cleanliness staff only cleaned table after you asked them,Neutral,52
KFC Madurai,Vinodh Bila,1,10 months ago,"I doubt if it's KFC or some local 3rd rated food chain. No value for money, no taste and absolutely clueless. Probably KFC only focus on tier 1 cities. Stay away unless if you are going to die out of food.",i doubt if its kfc some local rd rated food chain no value money no taste absolutely clueless probably kfc only focus tier cities stay away unless if you going die out food,Negative,33
KFC Madurai,Naresh Ammu,4,a year ago,Atmosphere and taste wise prefect place to eat but service is tooo slow. Even gave order also taking long time(more than 30 mins to order) they said  because of server issue. Such a big brand you are so maintain a server properly because all are have lot schedules in busy time. So consider this issue quickly don't repeat again.,atmosphere taste wise prefect place eat but service tooo slow even gave order also taking long timemore than mins order they said because server issue such big brand you so maintain server properly because all have lot schedules busy time so consider issue quickly dont repeat again,Positive,47
KFC Madurai,Hepzi Marjori,1,4 months ago,Unprofessional staff with no customer service qualities..,unprofessional staff no customer service qualities,Negative,6
KFC Madurai,Baala Yogi,1,a year ago,The food was not cooked properly… order was delayed by 56 minutes… complement was not given for delay… staff did not give proper response,food not cooked properly order delayed by minutes complement not given delay staff did not give proper response,Negative,18
KFC Madurai,ISRAEL M,5,4 years ago,"Good place with nice ambience...
Tasty chicken...",good place nice ambience tasty chicken,Positive,6
KFC Madurai,Ratchagan Ambalavanan,1,a year ago,Making late and the chicken is not fresh nd crispy even its not heated 🤯,making late chicken not fresh nd crispy even its not heated,Negative,11
KFC Madurai,ʀᴀᴊᴀ ɢᴏᴘᴀʟ,1,a year ago,"Subject: Complaint Regarding Poor Service at KFC

Dear KFC Customer Service,

I am writing to express my disappointment with the service I have consistently received at multiple KFC locations. Every time I visit, I experience poor customer service, including:
•	Delayed food service – Orders take an unreasonably long time to be served.
•	Unresponsive staff – Employees are often engaged in personal conversations or inattentive to customers.
•	Lack of professionalism – Service staff do not provide proper responses or assistance when needed.

This has happened on multiple occasions, and it is frustrating as a loyal customer. I expect better service and professionalism from a brand like KFC. Please take necessary action to improve the service quality at your outlets",subject complaint regarding poor service kfc dear kfc customer service i am writing express my disappointment service i have consistently received multiple kfc locations every time i visit i experience poor customer service including delayed food service orders take unreasonably long time be served unresponsive staff employees often engaged personal conversations inattentive customers lack professionalism service staff do not provide proper responses assistance when needed has happened multiple occasions frustrating as loyal customer i expect better service professionalism from brand like kfc please take necessary action improve service quality your outlets,Negative,91
KFC Madurai,late ωιηηєя,5,9 months ago,"Very big atmosphere and good and neat
I ordered epic budget 9 pcs chickens crispy and tasty",very big atmosphere good neat i ordered epic budget pcs chickens crispy tasty,Positive,13
KFC Madurai,Gangadharan N S,5,2 years ago,Good taste and location. But need some improvement in Service. Even if you purchase food for 10 people they themselves won't provide additional plates. They simply watch and move. We've to ask. But it's common sense to provide while dine in even though it's self service,good taste location but need some improvement service even if you purchase food people they themselves wont provide additional plates they simply watch move weve ask but its common sense provide while dine even though its self service,Positive,38
KFC Madurai,Gayathri Chandran,5,5 months ago,Good nature and best quality food,good nature best quality food,Positive,5
KFC Madurai,Mohamed Aabith,5,Edited a year ago,"It's good but while approaching holiday's the staffs can't as fast as customers orders. Need to improve the kitchen space and the staff's are less in the dining area, everytime has to approach them to clean the table.",its good but while approaching holidays staffs cant as fast as customers orders need improve kitchen space staffs less dining area everytime has approach them clean table,Positive,27
Domino's Pizza Madurai,Welcome To My Dream World,1,4 months ago,"The Domino's app shows the order is Preparing but The delivery is made one hour after placing the order, but still showing your order is preparing...
If the order does not arrive on time,If the food is not hot,
My money was wasted and my time was also wasted because I ordered from Domino's Pizza and waited.
If orders like this continue to be delivered, how can we have a positive opinion of Domino's?

#dominospizza",dominos app shows order preparing but delivery made one hour after placing order but still showing your order preparing if order does not arrive timeif food not hot my money wasted my time also wasted because i ordered from dominos pizza waited if orders like continue be delivered how can we have positive opinion dominos dominospizza,Negative,56
Domino's Pizza Madurai,Pandiarajan k,1,6 months ago,"Worst behaviour if we are going on dine in. They ask us to book via online and Gave us only one tomato sauce for each pizza. That is pathetic. I asked extra and she said for takeaway only one tomato sauce for each pizza. That is totally un acceptable.
They have the machine to book order but ask us to book via online only.
They have partnership with road side vendor who sell pens or some colour books thats is so annoying.
Because that guy stand on the door and Ask us to buy his product continuously and after some time he came inside and used the showroom rest room. Literally that was not at all acceptable.

Shop is fully controlled by bunch of arrogant idiots. They are very much busy in online orders and not at all give importance to dine in people. There is a lady who wears glass and white. She thought dine in people are like cheap guys because her attitude towards us resembles like that

Food was average because they are not ready to give extra tomato sause.
If you want to check the CCTV footage. I dine in at 22OCT25 around 5 pm

Management try to take action on these things ASAP to avoid further quality issues in your showroom",worst behaviour if we going dine they ask us book via online gave us only one tomato sauce each pizza pathetic i asked extra she said takeaway only one tomato sauce each pizza totally un acceptable they have machine book order but ask us book via online only they have partnership road side vendor who sell pens some colour books thats so annoying because guy stand door ask us buy his product continuously after some time he came inside used showroom rest room literally not all acceptable shop fully controlled by bunch arrogant idiots they very much busy online orders not all give importance dine people there lady who wears glass white she thought dine people like cheap guys because her attitude towards us resembles like food average because they not ready give extra tomato sause if you want check cctv footage i dine oct around pm management try take action these things asap avoid further quality issues your showroom,Negative,160
Domino's Pizza Madurai,Pradeep Jeyachandran,1,10 months ago,"I am extremely disappointed with my recent pizza order. Upon opening the box, I found a worm inside the pizza, which is completely unacceptable and unhygienic. I immediately tried to contact the store, but no one responded—calls went unanswered and there was no other way to reach them. This experience has left me shocked and concerned about their food safety standards. I would strongly urge the store to take accountability and improve their quality control and customer service.",i am extremely disappointed my recent pizza order upon opening box i found worm inside pizza which completely unacceptable unhygienic i immediately tried contact store but no one respondedcalls went unanswered there no other way reach them experience has left me shocked concerned about their food safety standards i would strongly urge store take accountability improve their quality control customer service,Negative,61
Domino's Pizza Madurai,siva priya,1,3 months ago,"Extremely poor service and irresponsible customer care.
I placed a pizza order for my entire family around 7:50 PM. After waiting more than 1.5 hours, staying hungry the whole time, the restaurant suddenly cancelled the order without any valid explanation.

There was no proper response, no apology, and zero accountability from the restaurant or customer care. To make things worse, they say the refund will take 4 days, even though the cancellation was completely their fault.
This kind of service is absolutely unacceptable and very disappointing. Wasting customers’ time, leaving families hungry, and then offering no regret or immediate resolution is pathetic. I will definitely think twice before ordering again and would not recommend this place to anyone.",extremely poor service irresponsible customer care i placed pizza order my entire family around pm after waiting more than hours staying hungry whole time restaurant suddenly cancelled order without any valid explanation there no proper response no apology zero accountability from restaurant customer care make things worse they say refund will take days even though cancellation completely their fault kind service absolutely unacceptable very disappointing wasting customers time leaving families hungry then offering no regret immediate resolution pathetic i will definitely think twice before ordering again would not recommend place anyone,Negative,91
Domino's Pizza Madurai,sukanya seluka,4,2 years ago,"I've always been a fan of domino's pizza. If I think of pizza, the only brand I get into my mind is Domino's. We ordered non veg mania combo pizzas, which includes BBQ pizza, chicken sausage pizza n mom veg loaded pizza, 7up, veg and non veg parcel. Food was awesome as always. Service was also good. Only thing is the restroom was not maintained at all! There was a foul smell which was very disappointing. Otherwise the place is good to hang out with friends n family. It is also suitable for babies.",ive always been fan dominos pizza if i think pizza only brand i get into my mind dominos we ordered non veg mania combo pizzas which includes bbq pizza chicken sausage pizza n mom veg loaded pizza up veg non veg parcel food awesome as always service also good only thing restroom not maintained all there foul smell which very disappointing otherwise place good hang out friends n family also suitable babies,Positive,72
Domino's Pizza Madurai,Ghuru Prasath,1,7 months ago,"Very worst food received late after 2hours from ordered Time  ,wrong one ,cold one unhygienic with hair particle in taco ,taco was not filled very very worst  ,choco lava is not hot very cold",very worst food received late after hours from ordered time wrong one cold one unhygienic hair particle taco taco not filled very very worst choco lava not hot very cold,Negative,30
Domino's Pizza Madurai,Rino Angusamy,1,3 months ago,"Today vistied bybass branch  and Very disappointed with the store condition. The place was not clean at all. Tables were messy, the floor had trash and stains, and overall hygiene was poorly maintained. For a brand like Domino’s, this level of cleanliness is unacceptable. Please maintain basic hygiene standards for customers.",today vistied bybass branch very disappointed store condition place not clean all tables were messy floor had trash stains overall hygiene poorly maintained brand like dominos level cleanliness unacceptable please maintain basic hygiene standards customers,Negative,35
Domino's Pizza Madurai,Stanley Alwin,1,a year ago,"Simply waste, when you call the store they won’t pick or the number won’t be existing, they deliver pizza which is fallen down and fully spoiled they deliver pizza after 2hrs also asking payment for it. This is Ridiculous that dominos people behave like this.",simply waste when you call store they wont pick number wont be existing they deliver pizza which fallen down fully spoiled they deliver pizza after hrs also asking payment ridiculous dominos people behave like,Negative,34
Domino's Pizza Madurai,Yours Digitall,3,Edited 2 years ago,"I have been here long back at that time service was much better now it has gone down a bit since they are very busy cleaning of the place isn't happening that's not acceptable usually we place orders only this time tried dining in not so pleasant experience because of the atmosphere being not so clean and service could be better. Taste of food is good as usual. We tried indi Paneer pizza, chicken 5 feast pizza, taco veg, veg burger pizza, red Velvet lava cake, Butterscotch mousse, b natural orange drink. For indi Paneer pizza we went with thin crust it didn't satisfy our tummy so better to avoid thin crust I would suggest taste of pizza is good, chicken 5 feast pizza taste was good we tried cheese burst crust it had too too too much of cheese, taco veg, Butterscotch mousse, red Velvet Cake was good no complaints, veg burger pizza not so good it had only tomato in it nothing else.",i have been here long back time service much better now has gone down bit since they very busy cleaning place isnt happening thats not acceptable usually we place orders only time tried dining not so pleasant experience because atmosphere being not so clean service could be better taste food good as usual we tried indi paneer pizza chicken feast pizza taco veg veg burger pizza red velvet lava cake butterscotch mousse b natural orange drink indi paneer pizza we went thin crust didnt satisfy our tummy so better avoid thin crust i would suggest taste pizza good chicken feast pizza taste good we tried cheese burst crust had too too too much cheese taco veg butterscotch mousse red velvet cake good no complaints veg burger pizza not so good had only tomato nothing else,Neutral,135
Domino's Pizza Madurai,Swami Viji,1,3 months ago,"Poor delivery service .it took 2 hrs since order to delivery time.....The highlight part is you will not be able to reach someone for complaint since no shop contact no and a IVR based Domino's customer care were you will be wasting your time with press 1 ...press 4...press 2.    At the end you need to wait for 2 hrs for your food not a single person to hear your concern...This is not the first time its happening.......Would appreciate with a small response on the lead time so that will plan our order giving time accordingly.

To the Shop Owner - Sam walton once said  "" There is only one boss-the customer. And he can fire everybody in the company from the chairman on down, simply by spending his money somewhere else "" .",poor delivery service took hrs since order delivery timethe highlight part you will not be able reach someone complaint since no shop contact no ivr based dominos customer care were you will be wasting your time press press press end you need wait hrs your food not single person hear your concernthis not first time its happeningwould appreciate small response lead time so will plan our order giving time accordingly shop owner sam walton once said there only one bossthe customer he can fire everybody company from chairman down simply by spending his money somewhere else,Negative,96
Domino's Pizza Madurai,Abi Ammu,4,a year ago,Recently ordered from here through dominos app.. worth the price and was very filling for 3 people.. I personally liked the pizzas.. But the garlic bread was very dry and chicken parcel too was not that upto the mark.. could have been better in taste.. Go for it Guys for pizzas alone,recently ordered from here through dominos app worth price very filling people i personally liked pizzas but garlic bread very dry chicken parcel too not upto mark could have been better taste go guys pizzas alone,Positive,36
Domino's Pizza Madurai,Sara,3,2 months ago,"Got 2 BBQ chicken pizza. They didn't give any oregano or chilli flakes. As it was take out, came home and realized they didn't give the seasonings.",got bbq chicken pizza they didnt give any oregano chilli flakes as take out came home realized they didnt give seasonings,Neutral,21
Domino's Pizza Madurai,Jeff,1,7 months ago,"I didn't receive my Online order
Worst customer service ever , if its over crowd they will accept the order and make us wait They wont cancel it and wont respond . No way to contact the restaurant. They could have decline the order if its overcrowd ,but they will accept it and will make us wait for more hours. Till i haven't received my order.I placed my order on oct 21 night 9pm , today is oct 22 afternoon 12pm till no response no refund. I will definitely file a complaint",i didnt receive my online order worst customer service ever if its over crowd they will accept order make us wait they wont cancel wont respond no way contact restaurant they could have decline order if its overcrowd but they will accept will make us wait more hours till i havent received my orderi placed my order oct night pm today oct afternoon pm till no response no refund i will definitely file complaint,Negative,74
Domino's Pizza Madurai,Subin Thankachan,1,6 months ago,"I had opted for delivery in train and I placed the order around 8pm. My train reached Madurai around 10.30. I got my order also but it was completely cold as if the order was prepared at 8pm itself. Not even warm also. It was probably kept in room temperature for more than an hour. The pizza crust was white and uncooked and had a rubbery texture. The toppings too were bare minimum. Majority of the time when I travel via train I order from Dominos and all my previous orders were at least warm if not hot. This was my worst experience. Never order from this outlet. In app also if I want to give a feedback, the app chatbot says no recent order found. Help section in Dominos app is completely waste.",i had opted delivery train i placed order around pm my train reached madurai around i got my order also but completely cold as if order prepared pm itself not even warm also probably kept room temperature more than hour pizza crust white uncooked had rubbery texture toppings too were bare minimum majority time when i travel via train i order from dominos all my previous orders were least warm if not hot my worst experience never order from outlet app also if i want give feedback app chatbot says no recent order found help section dominos app completely waste,Negative,100
Domino's Pizza Madurai,Rashmi Vohra,1,7 months ago,The washroom was so dirty. Dominos must understand that customer will go for hands wash after having food and hand wash facility must be good but instead the washroom was full of garbage and trash and foul smell. I wish such a big chain could provide an employment to one washroom cleaner.,washroom so dirty dominos must understand customer will go hands wash after having food hand wash facility must be good but instead washroom full garbage trash foul smell i wish such big chain could provide employment one washroom cleaner,Negative,39
Domino's Pizza Madurai,KALADHARAN S,1,11 months ago,"I was ordered zomato on Dominos pizza Mini Garlic Cheesiken Rice, Mini Hot & Fiery Cheesiken Rice very low quantity & Not good quality food 😡through to Garbage 🗑️ Don't buy & Don't try",i ordered zomato dominos pizza mini garlic cheesiken rice mini hot fiery cheesiken rice very low quantity not good quality food through garbage dont buy dont try,Negative,27
Domino's Pizza Madurai,Senthil Anandh,4,a year ago,"We visited the Dominos Pizza, Ponmeni Branch in Madurai on a Sunday evening and the restaurant was fully crowded. We actually planned for dine in but due to the crowd we opted for take away.

Dominos pizza has always been a perfect choice for satisfying pizza cravings. They have a wide range of both non vegetarian and vegetarian pizzas. They offer many innovative toppings too.

They have high chairs for kids. This restaurant can handle 30 to 40 customers at a time. Due to small dining area, the atmosphere was much noisy. The space could have been a little bit larger.

We have to park our vehicles on road side. They also offer online ordering with tracking facility.

A reliable place for delicious pizza.",we visited dominos pizza ponmeni branch madurai sunday evening restaurant fully crowded we actually planned dine but due crowd we opted take away dominos pizza has always been perfect choice satisfying pizza cravings they have wide range both non vegetarian vegetarian pizzas they offer many innovative toppings too they have high chairs kids restaurant can handle customers time due small dining area atmosphere much noisy space could have been little bit larger we have park our vehicles road side they also offer online ordering tracking facility reliable place delicious pizza,Positive,90
Domino's Pizza Madurai,Nagarajan M,1,4 months ago,"Worst Experience today with this shop, Food ordered by 11.32am and same delivered by 1.21 almost delivered after 2hr approx.. No response from shop side no right info about delivery and food was delivered as chill. Delivery person promised to deliver within 5mins but delivered after 40mins..

Worst Experienced…",worst experience today shop food ordered by am same delivered by almost delivered after hr approx no response from shop side no right info about delivery food delivered as chill delivery person promised deliver within mins but delivered after mins worst experienced,Negative,42
Domino's Pizza Madurai,Sudharshan Shiva,1,7 months ago,Very poor service from domino’s - worst billing person ever- i went to the shop yesterday and i ordered a pizza and garlic bread and the person from billing point advised me to wait there is some issue in generating QR code for payment so no issues we will take yourrr order for now u may wait for 20 mins after 20 mins i went to ask him he responds vigorously that i said wait for 20 mins dont u even wait for that time - i replied to him i just want to know that whether my order is taken or not he said its taken u wait for another 5 mins we will call you again i waited for 30 mins i came by 9 -at that time its 10-10 - then i asked him wheres my order sorry sir its not billed yet now ill take ur order it wil take another 15 mins. Is this how u treat your customer. I simply asked him to cancel the order and left from there without having anything at that time 10-20 pm . Yesterday i faced this issue and the worst person replied with an atitude not even aplogized . Worst experience from domino’s and for your information i went there to have dinner wid my family,very poor service from dominos worst billing person ever i went shop yesterday i ordered pizza garlic bread person from billing point advised me wait there some issue generating qr code payment so no issues we will take yourrr order now u may wait mins after mins i went ask him he responds vigorously i said wait mins dont u even wait time i replied him i just want know whether my order taken not he said its taken u wait another mins we will call you again i waited mins i came by time its then i asked him wheres my order sorry sir its not billed yet now ill take ur order wil take another mins how u treat your customer i simply asked him cancel order left from there without having anything time pm yesterday i faced issue worst person replied atitude not even aplogized worst experience from dominos your information i went there have dinner wid my family,Negative,162
Domino's Pizza Madurai,Praveen Kumar,1,7 months ago,"My experience with this Domino's location was extremely poor, both in terms of service and food quality.
I placed an order through the app, but the order status was not updated for over an hour. Despite repeatedly trying, they did not answer my phone calls, which is unacceptable for a quick-service restaurant. Furthermore, even though I chose the ""Drive-Through"" option, they failed to deliver the pizzas to the car, forcing me to go inside.
The food itself was a major disappointment. The taste of both the Chicken Barbecue Pizza and the Double Cheese Margherita were terrible.
Overall, the lack of communication, failure to provide the promised service, and poor food quality make this a location I cannot recommend.",my experience dominos location extremely poor both terms service food quality i placed order through app but order status not updated over hour despite repeatedly trying they did not answer my phone calls which unacceptable quickservice restaurant furthermore even though i chose drivethrough option they failed deliver pizzas car forcing me go inside food itself major disappointment taste both chicken barbecue pizza double cheese margherita were terrible overall lack communication failure provide promised service poor food quality make location i cannot recommend,Negative,82
Domino's Pizza Madurai,surya ram,1,5 months ago,"Message to the Franchise Owner

This is beyond disappointing. I scheduled my order for 1 PM, and by 2 PM it still wasn’t delivered. If this is how your store operates, it’s only a matter of time before customers walk away and this outlet starts losing business.

People don’t tolerate unreliable service — especially not from a brand like Domino’s.
If this continues, your store won’t just get bad reviews… it will eventually shut down from repeated customer loss.",message franchise owner beyond disappointing i scheduled my order pm by pm still wasnt delivered if how your store operates its only matter time before customers walk away outlet starts losing business people dont tolerate unreliable service especially not from brand like dominos if continues your store wont just get bad reviews will eventually shut down from repeated customer loss,Negative,60
Domino's Pizza Madurai,Ahila Devi,3,4 years ago,Awesome pizza. I loved my favourite Indi tantoori panner 🍕 with extra cheese. It was really great with pepsi. Also the chicken boneless wings but got only 4 small pieces. Whatever the taste was good.,awesome pizza i loved my favourite indi tantoori panner extra cheese really great pepsi also chicken boneless wings but got only small pieces whatever taste good,Neutral,26
Domino's Pizza Madurai,palani visalakshi,5,6 months ago,"Ordered volcano pizza, chicken BBQ pizza, videshi pizza,chicken keema pizza ,all tastes awesome.if u are a cheese lover must try volcano pizza.coupon codes are really useful.worth the money . Atmosphere need to improve",ordered volcano pizza chicken bbq pizza videshi pizzachicken keema pizza all tastes awesomeif u cheese lover must try volcano pizzacoupon codes really usefulworth money atmosphere need improve,Positive,27
Domino's Pizza Madurai,Shrija Sanjana,1,3 months ago,Very worst delivery timing. It takes more than 1hr 30mins for the pizzas to be delivered and the pizzas are not even hot. It happens when you order through their website and even through swiggy. Few days ago there were no oregano or chilli flakes given and when asked the delivery person said they dont have enough stock.,very worst delivery timing takes more than hr mins pizzas be delivered pizzas not even hot happens when you order through their website even through swiggy few days ago there were no oregano chilli flakes given when asked delivery person said they dont have enough stock,Negative,46
Domino's Pizza Madurai,CK Vlogs,3,3 years ago,"Nyce place to spend a time if you haven't any work..they made us to wait for more than 30 minutes, personally I don't like.. If you like to experience in any western food style,may be it suits for you.",nyce place spend time if you havent any workthey made us wait more than minutes personally i dont like if you like experience any western food stylemay be suits you,Neutral,30
Domino's Pizza Madurai,Meenambikai Mba,1,7 months ago,"I ordered  valcano cheese pizza, taste wise very worst. I am extremely disappointed for recent order. 2& half hrs delivery delayed. Quality Getting worse these days.",i ordered valcano cheese pizza taste wise very worst i am extremely disappointed recent order half hrs delivery delayed quality getting worse these days,Negative,24
Domino's Pizza Madurai,Srimathy S,1,4 months ago,Kindly dont order in online or dine here.. they won't provide food ontime.. worse place..,kindly dont order online dine here they wont provide food ontime worse place,Negative,13
Domino's Pizza Madurai,Abdullah,4,Edited 4 years ago,Nice and epic one but the taste was okay and it differs time to time sometimes the taste was extraordinary sometimes I can't even complete one single pizza,nice epic one but taste okay differs time time sometimes taste extraordinary sometimes i cant even complete one single pizza,Positive,20
Domino's Pizza Madurai,Sahul Hameedu,1,11 months ago,"Worst service here, very rude manager here not satisfied, they served a old pizza, not a fresh pizza.....",worst service here very rude manager here not satisfied they served old pizza not fresh pizza,Negative,16
Domino's Pizza Madurai,ROSHAN KUMAR,5,Edited 2 years ago,We had Margherita regular and a garlic bread it was very tasty and delicious 😋,we had margherita regular garlic bread very tasty delicious,Positive,9
Domino's Pizza Madurai,Chinthu Gilbert,3,3 months ago,It's ok. I went with my family but they said dine in closed they could have allowed us for 10 min to eat. Poor business strategy.,its ok i went my family but they said dine closed they could have allowed us min eat poor business strategy,Neutral,21
Domino's Pizza Madurai,Sharon Daniel,1,9 months ago,I don’t really understand how you guys work I ordered a combo around 2:14 am online through app says and shows ur location and address till now uh guys are telling it’s delivering  now it’s 3:16 first of all have given wrong no idk why second if the shop is closed by 11pm why accepting the order post 12 I want my money back kindly check your order id #394 if not certain actions will be taken note it once I have complained then you guys are sending then again now the delivery partner is on traffic wow by morning sort it and refund my money,i dont really understand how you guys work i ordered combo around am online through app says shows ur location address till now uh guys telling its delivering now its first all have given wrong no idk why second if shop closed by pm why accepting order post i want my money back kindly check your order id if not certain actions will be taken note once i have complained then you guys sending then again now delivery partner traffic wow by morning sort refund my money,Negative,87
Domino's Pizza Madurai,Meeresh V,1,Edited 3 years ago,"No covid guidelines followed... and thermo check and the way they do ""no contact"" delivery is just for the namesake... at last takeaway takes hell lot of time even if you ordered 1 single veg pizza. They move like sloth... token counter won't work and so their deliver the preferred people first and hence you had to wait..  why then hell they won't give you the token bill.. when I asked they me the number but won't give me the bill. When they come out they call for name and not token. So how will you know what token is served... get educated and follow the simple rules that you have implemented. The token led monitor is switched off all the time. Stupid people won't respond at all if question them. So if you go there, dont expect the typical procedure that is being followed in other dominos store. Anyway there is near by kfc always..",no covid guidelines followed thermo check way they do no contact delivery just namesake last takeaway takes hell lot time even if you ordered single veg pizza they move like sloth token counter wont work so their deliver preferred people first hence you had wait why then hell they wont give you token bill when i asked they me number but wont give me bill when they come out they call name not token so how will you know what token served get educated follow simple rules you have implemented token led monitor switched off all time stupid people wont respond all if question them so if you go there dont expect typical procedure being followed other dominos store anyway there near by kfc always,Negative,125
Domino's Pizza Madurai,karthi karti,1,3 months ago,Worst ever franchise. almost waited for 2 hours for delivery . soon this branch will be closed . pls dont order here .,worst ever franchise almost waited hours delivery soon branch will be closed pls dont order here,Negative,16
Domino's Pizza Madurai,Yugandhar G,3,Edited 3 years ago,"Nice...but be very very careful before ordering Large size pizza. They r not putting normal qty of toppings also.

When complaint raised, thy replied next time inform us while ordering we will take care.

So if u ask then only thy will put toppings properly otherwise thy don't want to maintain quantity for the money thy r charging.

Search nd tell how many paneer pieces r thr in tht pic.Thats a large size indi tandoori pizza (800 INR).

Every were thy put more toppings for large pizza, here in kalavasal it's reverse, we have to ask them to put for normal quantity also.",nicebut be very very careful before ordering large size pizza they r not putting normal qty toppings also when complaint raised thy replied next time inform us while ordering we will take care so if u ask then only thy will put toppings properly otherwise thy dont want maintain quantity money thy r charging search nd tell how many paneer pieces r thr tht picthats large size indi tandoori pizza inr every were thy put more toppings large pizza here kalavasal its reverse we have ask them put normal quantity also,Neutral,91
Domino's Pizza Madurai,Madhu Muthu,1,7 months ago,"Yesterday I have ordered but they didn't deliver coca cola , chilli flakes , oregano
( In Kasu matum vanga theriyudhu nala olunga kuduka Theriyala) very very worst shop I ve ever seen delivery late no proper packing very worst",yesterday i have ordered but they didnt deliver coca cola chilli flakes oregano kasu matum vanga theriyudhu nala olunga kuduka theriyala very very worst shop i ve ever seen delivery late no proper packing very worst,Negative,36
Domino's Pizza Madurai,Ibrahim Moosa,4,5 months ago,"I was ordered a pizza form dominos, I was enjoying to eat every pieces of pizza, It was made by very hygiene and good serving peoples",i ordered pizza form dominos i enjoying eat every pieces pizza made by very hygiene good serving peoples,Positive,18
Domino's Pizza Madurai,Ash,1,3 months ago,No more custom toppings on pizza… and sadly we would see an automated reply here asking me to email them and claiming we are the biggest part of their community… bull..,no more custom toppings pizza sadly we would see automated reply here asking me email them claiming we biggest part their community bull,Negative,23
Domino's Pizza Madurai,praveenkumar ravi01,1,8 months ago,"Waste Domino's I have ever seen.
I have ordered before 1hrs30 mins.
But still they didn't delivered.
I tried to complain but no response.
If you can't answer the phone call pls through the phone away.",waste dominos i have ever seen i have ordered before hrs mins but still they didnt delivered i tried complain but no response if you cant answer phone call pls through phone away,Negative,33
Domino's Pizza Madurai,raja prabhu,1,7 months ago,"the worst service , i wont recommend this domino’s in my life… And they are saying 30 minutes never they made it and in the app they will pause after 9 minutes in the delivery time, really waste.",worst service i wont recommend dominos my life they saying minutes never they made app they will pause after minutes delivery time really waste,Negative,24
Domino's Pizza Madurai,TriUnity,1,10 months ago,"Madurai Bypass road branch. I have made my first order today, order time 1:38PM. After calling the store and reminding them 2 times they dispatched my order. Delivery time 2.36PM.
The outlet is just 1km away from my home.
There was no intimation of delayed delivery or apology neither.
On a smart move the store people haven't updated the delivery status in the app. So it means that order was not delivered as per app. So you can't raise complaint.
So Domino's 30mins guarantee delivery is fake.",madurai bypass road branch i have made my first order today order time pm after calling store reminding them times they dispatched my order delivery time pm outlet just km away from my home there no intimation delayed delivery apology neither smart move store people havent updated delivery status app so means order not delivered as per app so you cant raise complaint so dominos mins guarantee delivery fake,Negative,69
Domino's Pizza Madurai,prasanna kumar,4,Edited 2 years ago,"Everything was good.. only one issue, they are not allowing pizza to be converted into meal, even though it's displayed in their menu. They said it can be done only for online orders, then what's the point of displaying it on screen...",everything good only one issue they not allowing pizza be converted into meal even though its displayed their menu they said can be done only online orders then whats point displaying screen,Positive,32
Domino's Pizza Madurai,S.vignesh Waran,1,7 months ago,"Worst service don't place order online , they took 2hours + to deliver their product, I'm extremely disappointed",worst service dont place order online they took hours deliver their product im extremely disappointed,Negative,15
Domino's Pizza Madurai,Parveen banu,1,4 months ago,The order was so delayed and we received it after an hour of order and the food got so dry.,order so delayed we received after hour order food got so dry,Negative,12
Domino's Pizza Madurai,राजस्थान संस्कृति भारतवर्ष,5,9 months ago,"have tried many pizza places in the area but none compare to the quality and taste of New York Pizza and Pasta. The pizza was cooked to perfection and the toppings were fresh and flavorful. The pasta dishes were also delicious. Highly recommend!
Brian K
I recently tried New York Pizza and Pasta and was blown away by the quality of the food. The pizza crust was crispy and the toppings were fresh and flavorful. The pasta dishes were also delicious. I will definitely be back!

I was craving some authentic New York-style pizza and I found it at New York Pizza and Pasta. The pizza was cooked to perfection and the toppings were delicious. I also tried the spaghetti and meatballs and it was amazing. Highly recommend!
Jon Raji
The best pizza I have ever had! The crust is thin and crispy, and the toppings are always fresh and flavorful. I especially love the pepperoni and mushroom pizza. The staff is also very friendly and accommodating.
Jena P
I have been a regular customer of New York Pizza and Pasta for years and I have never been disappointed. The pizza is always fresh and delicious, and the pasta dishes are equally as satisfying. Highly recommend!
Alex H
If you like thin crust traditional New York style pizza, then you're gonna love this place! Crust is perfect, (we always ask for well done), and sauce is good and not too heavy. You always know you're going to get a good pizza when you order from these guys.
Rocklin
Love this spot! I used to live in NJ/NY and NY pizza is the best pizza hands down. Since I've moved back to CA, i don't see pizza the same anymore. So long I've yearned for NY pizza, then a family member recommended this place and I cannot stop raving about it! Their pizza is soooooo great! Thin crust, not too much sauce or dough period. Toppings are fresh and they even have the option of take-n-bakes! Prices are so fair compared to the franchised pizza out there. I seriously want this spot to be tried by everyone BUT at the same time, selfishly, i want it all to myself. I don't live in the same area as this pizza place, but i make excuses and go out of my way just to pick up a couple pies. At least I have a little NY in Cali .
Kris L
reviewed New York Pizza & Pasta — 5 star
February 19 ·
Great little place to eat. Food is delicious. The young counter girl was very nice and attentitive. Will definitely be going back.
Larry Wightman
My husband has been trying to get me here for months. It is awesome he loves the Philly cheese steak !! We got that and a slice of pizza and split it down the middle. It was amazing and soo much food we had left overs. However we must not have had enough, we live in Oakland but are headed back right now to introduce my son to some of this deliciousness.
mamma garcia
Five stars for driving to Martinez when there are some other joints way closer but wont drive a extra 50 feet for delivery. 5 STARS FOR THE Pizza they are alway good never smothered in sauce A+ for that food is always hot. Now when it comes to customer service only 2 stars i ordered the half baked BBQ Chicken well not what i ordered no bbq so called jusf to make sure i didn't order it wrong nope i ordered bbq so instead of saying hey sorry let me take a couple bucks off your next order you want to bring me BBq sause. No thanks note to self stick to the pizza or calzone awesome. Roast the bbq sause on the chicken just saying and not being a ass but the English is rought hard to understand just a fyi",have tried many pizza places area but none compare quality taste new york pizza pasta pizza cooked perfection toppings were fresh flavorful pasta dishes were also delicious highly recommend brian k i recently tried new york pizza pasta blown away by quality food pizza crust crispy toppings were fresh flavorful pasta dishes were also delicious i will definitely be back i craving some authentic new yorkstyle pizza i found new york pizza pasta pizza cooked perfection toppings were delicious i also tried spaghetti meatballs amazing highly recommend jon raji best pizza i have ever had crust thin crispy toppings always fresh flavorful i especially love pepperoni mushroom pizza staff also very friendly accommodating jena p i have been regular customer new york pizza pasta years i have never been disappointed pizza always fresh delicious pasta dishes equally as satisfying highly recommend alex h if you like thin crust traditional new york style pizza then youre gonna love place crust perfect we always ask well done sauce good not too heavy you always know youre going get good pizza when you order from these guys rocklin love spot i used live njny ny pizza best pizza hands down since ive moved back ca i dont see pizza same anymore so long ive yearned ny pizza then family member recommended place i cannot stop raving about their pizza soooooo great thin crust not too much sauce dough period toppings fresh they even have option takenbakes prices so fair compared franchised pizza out there i seriously want spot be tried by everyone but same time selfishly i want all myself i dont live same area as pizza place but i make excuses go out my way just pick up couple pies least i have little ny cali kris l reviewed new york pizza pasta star february great little place eat food delicious young counter girl very nice attentitive will definitely be going back larry wightman my husband has been trying get me here months awesome he loves philly cheese steak we got slice pizza split down middle amazing soo much food we had left overs however we must not have had enough we live oakland but headed back right now introduce my son some deliciousness mamma garcia five stars driving martinez when there some other joints way closer but wont drive extra feet delivery stars pizza they alway good never smothered sauce food always hot now when comes customer service only stars i ordered half baked bbq chicken well not what i ordered no bbq so called jusf make sure i didnt order wrong nope i ordered bbq so instead saying hey sorry let me take couple bucks off your next order you want bring me bbq sause no thanks note self stick pizza calzone awesome roast bbq sause chicken just saying not being ass but english rought hard understand just fyi,Positive,479
Domino's Pizza Madurai,sabari vasagan,3,4 years ago,Loving to eat Domino's Pizza compared with other. But I felt bad compare with Kodaikanal Domino's Pizza. It's is more cheesy compared with madurai. Lots of difference in Madurai and Kodaikanal Domino's shop. So that I gave 3star rating,loving eat dominos pizza compared other but i felt bad compare kodaikanal dominos pizza its more cheesy compared madurai lots difference madurai kodaikanal dominos shop so i gave star rating,Neutral,30
Domino's Pizza Madurai,N Solaiyammal,5,4 years ago,Nice place to chill out..eat pizza...I liked taste thr...we enjoyed..reasonable price..we went kalavasal branch at madurai..nice view ...can see vehicle or ppl...because thy placed chairs to see.. opposite to road..must try,nice place chill outeat pizzai liked taste thrwe enjoyedreasonable pricewe went kalavasal branch madurainice view can see vehicle pplbecause thy placed chairs see opposite roadmust try,Positive,26
Domino's Pizza Madurai,Ashish Kumar,4,2 years ago,Recently I tried the videshi hot sause pizza and it was awesome. I vibe here is good for both friends and family.,recently i tried videshi hot sause pizza awesome i vibe here good both friends family,Positive,15
Domino's Pizza Madurai,Anusha Chandrasekaran,1,a year ago,"I recently visited Domino's pizza bypass road.
Here is my honest review.

1. The cooking place was maintained unclean.
2. It has only one washroom where everyone needs to wash their hand inside and it was stinking horribly.
3. The pizza was delivered fast but the vegetables was cut in a very bad random manner.
4. They did not have pizza mania and casually said we are not taking those orders, which realized they where ready to take only pizza above 200rs.
5.Just decided we are not going to visit this place again.",i recently visited dominos pizza bypass road here my honest review cooking place maintained unclean has only one washroom where everyone needs wash their hand inside stinking horribly pizza delivered fast but vegetables cut very bad random manner they did not have pizza mania casually said we not taking those orders which realized they where ready take only pizza above rs just decided we not going visit place again,Negative,69
Domino's Pizza Madurai,akilan m,1,10 months ago,Very bad that they were billed including cool drinks but didn't be supplied. If I call customer care only hindi teleprompter speaking. Wast of money 😧,very bad they were billed including cool drinks but didnt be supplied if i call customer care only hindi teleprompter speaking wast money,Negative,23
Domino's Pizza Madurai,Jey Prakash (MJR),4,7 years ago,Good place to have fun while eating pizza and quiet nice designed interiors which partitioned for regular customers to celebrate special occasions like birthday and  all other events.,good place have fun while eating pizza quiet nice designed interiors which partitioned regular customers celebrate special occasions like birthday all other events,Positive,23
Domino's Pizza Madurai,Naveen,1,7 months ago,"I have ordered mini garlic cheesiken rice ,in this they forgeten to put the rice,they only added chiken and onion,very very worst experience.",i have ordered mini garlic cheesiken rice they forgeten put ricethey only added chiken onionvery very worst experience,Negative,18
Domino's Pizza Madurai,Haritha Thirumalai,1,a year ago,"The delivery services are poorly coordinated. It took almost an hours and half to deliver to a location 2km away from dominos. The packaging was broken and the pizzas were stale and cold with little toppings. A few sides were missing . When we contacted the store regarding this , we were given a proper response .",delivery services poorly coordinated took almost hours half deliver location km away from dominos packaging broken pizzas were stale cold little toppings few sides were missing when we contacted store regarding we were given proper response,Negative,36
Domino's Pizza Madurai,Sivaprakash Suresh,4,7 years ago,"Quite busy restaurant service level 👌👍 &
👷Dining is bad those tables are shaking we didn't have a pleasant dining😏 rest everything is super 😎😎",quite busy restaurant service level dining bad those tables shaking we didnt have pleasant dining rest everything super,Positive,18
Domino's Pizza Madurai,sundara varadhan,1,a year ago,"They are assuring 30 mins of delivery time. Bt every single time when i order. It'll take 1.5 - 2 hrs for delivery, even though the location is nearest to the shop. Is that fair 😡. Imagine a man with hunger order food believing that it'll be delivered in 30 mins. But it's upto 2 hrs😡😡. It's been months. Over more than 10 times consecutively. Gonna take statuary action against dominos 😡",they assuring mins delivery time bt every single time when i order itll take hrs delivery even though location nearest shop fair imagine man hunger order food believing itll be delivered mins but its upto hrs its been months over more than times consecutively gonna take statuary action against dominos,Negative,50
Domino's Pizza Madurai,Swathi Priya G ms24a083,1,a year ago,"ordered cheeseburst barely any cheese is found doing no justice for the name.no seasoning was provided stating the shortage of oregano in the outlet.what kind of explanation is this? how are we supposed to eat this dry bread after taking their sweet time to deliver even after placing a scheduled delivery? The irresponsible reply from the store for questioning this, they cut the call and switched off their phone. Yhey are not even ready to hear out the concern.Worst customer support and response for such a franchise. And this is not the first time we are facing this.",ordered cheeseburst barely any cheese found doing no justice nameno seasoning provided stating shortage oregano outletwhat kind explanation how we supposed eat dry bread after taking their sweet time deliver even after placing scheduled delivery irresponsible reply from store questioning they cut call switched off their phone yhey not even ready hear out concernworst customer support response such franchise not first time we facing,Negative,64
Domino's Pizza Madurai,Dr Balasubramanian Subburaj,1,3 months ago,"Pathetic place
No hygiene at all
Never visit",pathetic place no hygiene all never visit,Negative,7
Domino's Pizza Madurai,Barath T,5,8 years ago,"Very good place, neat and clean, servers tasty food",very good place neat clean servers tasty food,Positive,8
Domino's Pizza Madurai,Bala,5,8 years ago,good place for party times.. delicious pizzas.. very polite staffs.. cheese burst ban with peri peri pizza is my damn favourite.. try it once..,good place party times delicious pizzas very polite staffs cheese burst ban peri peri pizza my damn favourite try once,Positive,20
Domino's Pizza Madurai,Vasanth M Shanmugam,1,4 years ago,Don’t visit this place. There is no place to wash hands separately. I will not recommend this place to anyone,dont visit place there no place wash hands separately i will not recommend place anyone,Negative,15
Domino's Pizza Madurai,Mahesh M,4,4 years ago,Nice place to hangout with friends .. reasonable price ... The view is good with the road side. Taste is also good,nice place hangout friends reasonable price view good road side taste also good,Positive,13
Domino's Pizza Madurai,Thenrajan Mathialagan,3,4 years ago,Ambiance was OK.. Pizza was not up to the mark like in other locations.. Server was down at this location and had to order it online via Mobile app which took time.,ambiance ok pizza not up mark like other locations server down location had order online via mobile app which took time,Neutral,21
Domino's Pizza Madurai,Ashokraj Ramachandran,1,a year ago,"I have been waiting for two hours for my pizza, and it was very cold.very cold",i have been waiting two hours my pizza very coldvery cold,Negative,11
Domino's Pizza Madurai,Venkatesh A,5,6 years ago,"If you think Madurai is only famous for Idlys then visit here you regret it.

Taste was well maintained and ambience also nice as usual Domino's outlet.",if you think madurai only famous idlys then visit here you regret taste well maintained ambience also nice as usual dominos outlet,Positive,22
Domino's Pizza Madurai,Srsp Home,1,11 months ago,"*No separate handwash, but there is one inside the small unclean toilet without water.
Almost Lost my apitation....
*Noise screen curtain..
*Took almost 40minits to deliver on the table.. with wet weper.. no crisps..",no separate handwash but there one inside small unclean toilet without water almost lost my apitation noise screen curtain took almost minits deliver table wet weper no crisps,Negative,28
Domino's Pizza Madurai,KAMALAKANNAN C,4,3 years ago,Freshly Baked. Costly. Always South Indian Food is good for health.,freshly baked costly always south indian food good health,Positive,9
Domino's Pizza Madurai,Anusha Baskaran,5,3 years ago,Bit expensive but quality... Tried their new roti pizza ... Ok type... Mainly i love pizza and burger there. My husband likes the choco lava cake.,bit expensive but quality tried their new roti pizza ok type mainly i love pizza burger there my husband likes choco lava cake,Positive,23
Domino's Pizza Madurai,getout raja,1,10 months ago,"I have order stuffed garlic bread in that they have studfed rotten onion i am unable to eat it,, such a worst thing and also i am unable to book a complaint regarding it in the app… Seriously you guys are going worst….i am fully disappointed with you guys…",i have order stuffed garlic bread they have studfed rotten onion i am unable eat such worst thing also i am unable book complaint regarding app seriously you guys going worsti am fully disappointed you guys,Negative,36
Domino's Pizza Madurai,rajkumar Thirumalaikani,3,5 years ago,"taste and everything are fine,but for dine-in there is no much space sit during peak days",taste everything finebut dinein there no much space sit during peak days,Neutral,12
Domino's Pizza Madurai,Kishore Kumar,1,a year ago,Never delvers on time. Delivery person once picked the order from store he will request the customer that he will change the order status to delivered and will promise to deliver in 10 minutes irrespective of the distance he has to travel. But will deliver multiple deliveries and will reach us after one hour and the pizza will be like dash.,never delvers time delivery person once picked order from store he will request customer he will change order status delivered will promise deliver minutes irrespective distance he has travel but will deliver multiple deliveries will reach us after one hour pizza will be like dash,Negative,45
Domino's Pizza Madurai,Anish Krishnan J,1,a year ago,"One of the worst outlets in Madurai. I ordered just two garlic breads, and they were delivered after 2 hours. Forget their ""30-minute guarantee""—it's completely fake. The response from the store manager was terrible; he even blocked my number when my order was delayed.

That's just one part of the issue. Trying to complain to Domino's is another ordeal. You won't get a refund or connect with a live agent to resolve the problem immediately. They usually respond within 24 hours, by which time the issue has resolved itself. Worst experience ever!

This isn't the first time either. I'm posting this to warn others. Think twice before making a payment. If you still want to order, use cash on delivery—it’s the only way to feel somewhat safe.",one worst outlets madurai i ordered just two garlic breads they were delivered after hours forget their minute guaranteeits completely fake response from store manager terrible he even blocked my number when my order delayed thats just one part issue trying complain dominos another ordeal you wont get refund connect live agent resolve problem immediately they usually respond within hours by which time issue has resolved itself worst experience ever isnt first time either im posting warn others think twice before making payment if you still want order use cash deliveryits only way feel somewhat safe,Negative,96
Domino's Pizza Madurai,Viswa Nath,1,Edited 5 years ago,zero contact delivery be like this they didn't deliver to door step we need to pick up the order in some location even if its raining. the delivery guy told its out of zone so we cant delivery. The manager of the dominos plese dont accept the order if its out of Zone,zero contact delivery be like they didnt deliver door step we need pick up order some location even if its raining delivery guy told its out zone so we cant delivery manager dominos plese dont accept order if its out zone,Negative,41
Domino's Pizza Madurai,manoj kumar,4,4 years ago,"Seriously compared to any kind of junk food (non healthy😜) restaurant like kgc, subway or pizza hut this is the king of junk food

And It's also affordable price it's taste too",seriously compared any kind junk food non healthy restaurant like kgc subway pizza hut king junk food its also affordable price its taste too,Positive,24
Domino's Pizza Madurai,Dharini Arumugam,2,a year ago,"Hi,

We are regularly ordering from dominos bypass branch. This time we are waiting for 2 hour to get our order we did everything to reach them but couldn't we didn't get proper apology or notification also to wait this time we was totally disappointed hope this will not happen again to any customer.if it's getting delayed by your own delivery partner let customer know first",hi we regularly ordering from dominos bypass branch time we waiting hour get our order we did everything reach them but couldnt we didnt get proper apology notification also wait time we totally disappointed hope will not happen again any customerif its getting delayed by your own delivery partner let customer know first,Negative,53
Domino's Pizza Madurai,Monika Gupta,1,a year ago,"Complaint Regarding Delayed Pizza Delivery - Order #308 Placed at 9:04 PM on 13 October

Dear Domino's Support Team,

I am writing to express my dissatisfaction with the delivery service for my order #308, which I placed at 9:04 PM on 13 October. My order included 1 Peppy Paneer pizza, 1 garlic bread, a Pepsi combo, and 1 cheesy dip. Despite the order being placed over an hour earlier, the delivery had not arrived by 10:30 PM. When I finally received a call from the delivery person at 10:30 PM, I was informed that he was still at the store.

This level of service is unacceptable, and I would like to request an explanation for the delay, as well as appropriate compensation for the inconvenience caused.

I hope this matter Here’s your updated complaint:",complaint regarding delayed pizza delivery order placed pm october dear dominos support team i am writing express my dissatisfaction delivery service my order which i placed pm october my order included peppy paneer pizza garlic bread pepsi combo cheesy dip despite order being placed over hour earlier delivery had not arrived by pm when i finally received call from delivery person pm i informed he still store level service unacceptable i would like request explanation delay as well as appropriate compensation inconvenience caused i hope matter heres your updated complaint,Negative,90
Domino's Pizza Madurai,Rajiv Rathnakaran,3,a year ago,"Places order for Farmhouse Pizza through Zomato and even after waiting for 90 minutes did not receive the pizza and also no update of my delivery.
Finally went to Dominos outlet to pick up the order, if not gone to outlet then I could have received the pizza for dinner.
No proper response from the team in the outlet for the delay.
Worst service.",places order farmhouse pizza through zomato even after waiting minutes did not receive pizza also no update my delivery finally went dominos outlet pick up order if not gone outlet then i could have received pizza dinner no proper response from team outlet delay worst service,Neutral,46
Domino's Pizza Madurai,Naaga,4,a year ago,The taste is good. Preparation is quick. The place is usually busy. Like every Dominos there is only one wash basin and that is inside the restroom. Parking your car can be a challenge.,taste good preparation quick place usually busy like every dominos there only one wash basin inside restroom parking your car can be challenge,Positive,23
Domino's Pizza Madurai,nardeep bk,1,a year ago,"After seeing this restaurant lost  hope jubilant....restroom is so pathetic After going in for handwash literally regerated y did even go in.

Over customer are standing and one guy sitting in from of the system didn't even bother to say plz next pos...just key customer stand..

I hope they take this seriously and work on basic hygiene",after seeing restaurant lost hope jubilantrestroom so pathetic after going handwash literally regerated y did even go over customer standing one guy sitting from system didnt even bother say plz next posjust key customer stand i hope they take seriously work basic hygiene,Negative,43
Domino's Pizza Madurai,Rajesh Kumar,1,a year ago,"Most useless staff, liers and shammers. Worst experience ever. They made me wait for more than an hour and keep sending home deliveries. Also they lie of some over cooking so delay. All before us and after us have got theirs and only we didn't get. More over they are not refunding the money. .",most useless staff liers shammers worst experience ever they made me wait more than hour keep sending home deliveries also they lie some over cooking so delay all before us after us have got theirs only we didnt get more over they not refunding money,Negative,45
Domino's Pizza Madurai,Nathan N,4,7 years ago,"Chicken Tikka 🍕 Cheese Burst 👌 ,  Better service and Taste Than KK Nagar Franchise",chicken tikka cheese burst better service taste than kk nagar franchise,Positive,11
Domino's Pizza Madurai,Lakshmi Narasimman V,1,Edited a year ago,"ABSOLUTE GARBAGE! After blowing Rs. 2.4 LAKHS at this pathetic excuse of a Dominos outlet over 2+ years, I can say with RAGE and DISGUST that this is hands-down THE WORST Dominos on the entire planet! I've eaten at Dominos across the globe, and this place is an embarrassment to the brand.

Let me tell you just how INCOMPETENT these clowns are - I live a mere 1.2km away, yet these jokers take 45-50 minutes to deliver a pizza that's supposed to arrive in 30! And don't get me started on their LYING, SCHEMING delivery staff who falsely mark orders as ""delivered"" to cheat the 30-minute guarantee, then show up 20-25 minutes later with what can only be described as cardboard covered in frozen cheese.

The quality? ATROCIOUS! When served hot, it tastes great, but when delivered late, the pizzas are so revolting that even street animals wouldn't touch them—yes, even BACTERIA have higher standards than this place! Cold, dry, and tasteless doesn't even begin to describe the inedible discs they have the audacity to call 'pizza.'

And the store manager? What an absolute JOKE! This useless excuse for a manager has the NERVE to blame customers when we complain about their garbage service. Hey genius, maybe if you spent less time making excuses and more time doing your job, you wouldn't have your most valuable customer (ME - Rs. 2.4 LAKHS, remember?) ready to jump ship to Pizza Hut in a heartbeat!

Mark my words - keep this up, and you'll be out of business the SECOND another pizza place opens nearby. Your days of serving this disgusting excuse for food are numbered. I might be addicted to pizza, but even an addict has limits. This is ROCK BOTTOM!""",absolute garbage after blowing rs lakhs pathetic excuse dominos outlet over years i can say rage disgust handsdown worst dominos entire planet ive eaten dominos across globe place embarrassment brand let me tell you just how incompetent these clowns i live mere km away yet these jokers take minutes deliver pizza thats supposed arrive dont get me started their lying scheming delivery staff who falsely mark orders as delivered cheat minute guarantee then show up minutes later what can only be described as cardboard covered frozen cheese quality atrocious when served hot tastes great but when delivered late pizzas so revolting even street animals wouldnt touch themyes even bacteria have higher standards than place cold dry tasteless doesnt even begin describe inedible discs they have audacity call pizza store manager what absolute joke useless excuse manager has nerve blame customers when we complain about their garbage service hey genius maybe if you spent less time making excuses more time doing your job you wouldnt have your most valuable customer me rs lakhs remember ready jump ship pizza hut heartbeat mark my words keep up youll be out business second another pizza place opens nearby your days serving disgusting excuse food numbered i might be addicted pizza but even addict has limits rock bottom,Negative,213
Domino's Pizza Madurai,abi Jothi 1998,1,a year ago,Hello sir and mam yesterday I order barger and makkani paneer tikka i pay to 275 rs but your company members not send in my order please refund my money  .............,hello sir mam yesterday i order barger makkani paneer tikka i pay rs but your company members not send my order please refund my money,Negative,25
Domino's Pizza Madurai,SATHISH KUMAR,4,a year ago,Good taste not value for money don’t expect more,good taste not value money dont expect more,Positive,8
Domino's Pizza Madurai,Kenny Rogers,1,a year ago,"Very worst experience with choco lava with multiple times, they have given fake no in Zomato. In app also of we order they won't pick the calls.
Third or 4th time they have burnt and over cooked the lava. I have quaralled this time and got the replacement. Note the point : if 30 minutes delivery  guarantee has been and given and the order is late by even one min, dominos must given worth 300 pizza or they should minus the 300 from the bill you have order which they will say... Irresponsible answers from the people are there in billing. Very very worst.
Pls pls don't order after 8pm. They are not worth for it.",very worst experience choco lava multiple times they have given fake no zomato app also we order they wont pick calls third th time they have burnt over cooked lava i have quaralled time got replacement note point if minutes delivery guarantee has been given order late by even one min dominos must given worth pizza they should minus from bill you have order which they will say irresponsible answers from people there billing very very worst pls pls dont order after pm they not worth,Negative,86
Domino's Pizza Madurai,Deepega G S,1,a year ago,"I placed an order with Domino's after an hour without delivery , I called the store. They informed me that my order would be canceled because it would take an additional 30 minutes, and they were unsure about the timing. Later this evening, I ordered again from the same store. After 90 minutes, I tried calling, but the line was busy. Eventually, they canceled my order after I had already waited 90 minutes. This happened twice today without proper explanation.",i placed order dominos after hour without delivery i called store they informed me my order would be canceled because would take additional minutes they were unsure about timing later evening i ordered again from same store after minutes i tried calling but line busy eventually they canceled my order after i had already waited minutes happened twice today without proper explanation,Negative,62
Domino's Pizza Madurai,Anu Shyaa,4,6 years ago,Place is congested and it will be crowded on weekends especially evening.,place congested will be crowded weekends especially evening,Positive,8
Domino's Pizza Madurai,Sangames Kumar,1,6 months ago,"Worst branch, no response and no delivery person assigned.",worst branch no response no delivery person assigned,Negative,8
Domino's Pizza Madurai,suresh sureshpg,1,7 years ago,Worst quality only here at other outlets is nice. Brownie is very hard,worst quality only here other outlets nice brownie very hard,Negative,10
Domino's Pizza Madurai,Keerthi Kalyan,1,a year ago,Worst worst service. Tried calling them for many times didn’t even picks the call. No update on order on app too such a worst branch.,worst worst service tried calling them many times didnt even picks call no update order app too such worst branch,Negative,20
Domino's Pizza Madurai,Saseentharkhan Saseentharkhan,1,a year ago,Very bad experience in my life time won't choose dominos ponmeni - don't know how to behave with customer order no 190 DTD 15-09-24  - teach how to speak with customer to Mr. Jeyakumar and surely will file a complaint against him for his bad customer service & Sanjay calling at 10 clock and asking pizza is deliver or not why disturbing us,very bad experience my life time wont choose dominos ponmeni dont know how behave customer order no dtd teach how speak customer mr jeyakumar surely will file complaint against him his bad customer service sanjay calling clock asking pizza deliver not why disturbing us,Negative,44
Domino's Pizza Madurai,Nithyananda KR,4,8 months ago,Traditional Domino's services and taste not seen here,traditional dominos services taste not seen here,Positive,7
Domino's Pizza Madurai,Kalyani S,1,a year ago,"Kaalavasal It's name is dominos  but the pizza from bocs pizza it is the true name of the pizza it is very very very bad don't eat the pizza it will not worth  to eat  I another time said don't eat and order the pizza  the price in
250₹ but it will not worth to eat    I will think it  is local incridiants  it will very bad and not worth do eat  it 'S tast is very bad 👎👎👎👎👎👎👎👎👎👎😠😠😠😠😠😠😠😠👎👎👎👎👎👎👎👎",kaalavasal its name dominos but pizza from bocs pizza true name pizza very very very bad dont eat pizza will not worth eat i another time said dont eat order pizza price but will not worth eat i will think local incridiants will very bad not worth do eat s tast very bad,Negative,53
Domino's Pizza Madurai,Josephine Selle,3,6 years ago,Apart from the pizzas here the wash room is horrible. No maintenance and no cleanliness...,apart from pizzas here wash room horrible no maintenance no cleanliness,Neutral,11
Domino's Pizza Madurai,Dhatchina Moorthy,1,a year ago,Worst service.. we were waiting 10mins for ordering. No response from staffs.,worst service we were waiting mins ordering no response from staffs,Negative,11
Domino's Pizza Madurai,Lema Veluprabhakaran,1,a year ago,Never order from this place. All your online orders will be clubbed together and will be delayed by 90mins. They won’t pick up your phone and argue with you in store. Food is often stale and not fresh when delivered,never order from place all your online orders will be clubbed together will be delayed by mins they wont pick up your phone argue you store food often stale not fresh when delivered,Negative,33
Domino's Pizza Madurai,Vishak,2,4 months ago,"It has worsen, compared to how it was years ago.",has worsen compared how years ago,Negative,6
Domino's Pizza Madurai,suresh palaniswamy,5,Edited 8 years ago,Here online order and delivery is more faster than dining,here online order delivery more faster than dining,Positive,8
Domino's Pizza Madurai,vanita mdu,1,2 years ago,"I have ordered 4 different pizza manias day before yesterday for my kids.. Deliveryman delivered the boxes in damaged condition but the seal is intact..so I gave it to my kids.once they eat,within 2 hrs my kids had vomiting and diarrhea and followed by fever..For the past two days we are suffering with children..Please I request Parents not to order Pizza especially from this outlet..once I get a report from doctor,I am going to complaint them in food adulteration department.",i have ordered different pizza manias day before yesterday my kids deliveryman delivered boxes damaged condition but seal intactso i gave my kidsonce they eatwithin hrs my kids had vomiting diarrhea followed by feverfor past two days we suffering childrenplease i request parents not order pizza especially from outletonce i get report from doctori am going complaint them food adulteration department,Negative,61
Domino's Pizza Madurai,WooblyFingers,1,a year ago,"Even after ordering dine in , they wait till u reach the spot and only then start prepping the order. Not to forget had to wait 1 hr last time to get my order while ordering dine in",even after ordering dine they wait till u reach spot only then start prepping order not forget had wait hr last time get my order while ordering dine,Negative,28
Domino's Pizza Madurai,ketan gopale,1,a year ago,"I ordered pizza on train at madurai junction for dinner , , indi chicken tikka pizza and Chicken pepperoni stuffed garlic bread, ,  worst ever experience. . There were hardly 2-3 pieces of chicken tikka on pizza, , i felt like i was eating only the bread base, like m a begger. . And in chicken pepperoni stuffed garlic bread, , very few pepperoni slices and similar to pizza i felt like m eating only bread. . . I was not expecting it to be hot, coz i can understand train maybe late, ,but my train was on time. . . U served it cold, ,tht i accepted but atleast u can serve it with proper toppings and stuffings. . . If u cannot do tht, then stop serving on train. Never again i will order on train at madurai railway junction. .",i ordered pizza train madurai junction dinner indi chicken tikka pizza chicken pepperoni stuffed garlic bread worst ever experience there were hardly pieces chicken tikka pizza i felt like i eating only bread base like m begger chicken pepperoni stuffed garlic bread very few pepperoni slices similar pizza i felt like m eating only bread i not expecting be hot coz i can understand train maybe late but my train time u served cold tht i accepted but atleast u can serve proper toppings stuffings if u cannot do tht then stop serving train never again i will order train madurai railway junction,Negative,103
A2B Madurai,Lucy M,5,5 months ago,mahesh was amazing! he gave us excellent service we had a great experience. thank you mahesh😄😄😄,mahesh amazing he gave us excellent service we had great experience thank you mahesh,Positive,14
A2B Madurai,JALAJ KASHYAP,1,7 months ago,"No specialized south Indian dishes. Service is so slow that you'll have to run from pillar to post and chase the waiters yourself to even get menu, place order and get the food. By the time, the order shall arrive, in almost certainty your appetite shall be killed. And they will spoil the food and smile shamelessly after that.",no specialized south indian dishes service so slow youll have run from pillar post chase waiters yourself even get menu place order get food by time order shall arrive almost certainty your appetite shall be killed they will spoil food smile shamelessly after,Negative,43
A2B Madurai,Ahnna Lundstrom,5,2 months ago,Mahesh provided wonderful service. I feel at home at a2b. When I left my reading glasses on my first visit they had them waiting for me when I returned the next day. Fresh tasty food and the coffee is the best.,mahesh provided wonderful service i feel home ab when i left my reading glasses my first visit they had them waiting me when i returned next day fresh tasty food coffee best,Positive,32
A2B Madurai,Kabilan S,2,10 months ago,A2b are waste at nowadays.Came to madurai for visiting temples and decided to have a lunch at A2B.I ordered meals which is 160 that is limited meals.In this branch has no special south indian meals.And the service was very poor not proper working to the table.Ambience was good it has 2 floor.Ground floor had tiffin and snacks.First floor had meals and related to it.It is located near vilakuthoon.,ab waste nowadayscame madurai visiting temples decided have lunch abi ordered meals which limited mealsin branch has no special south indian mealsand service very poor not proper working tableambience good has floorground floor had tiffin snacksfirst floor had meals related itit located near vilakuthoon,Negative,44
A2B Madurai,R.K Reddy,1,6 months ago,"Travelled Almost 6 KMs to Purchase Cashew Pakoda and Butter Muruku Finally Turned back with a disappointment as there was no stocks and this will reduce the faith of customers on A2B.

Poor Management….",travelled almost kms purchase cashew pakoda butter muruku finally turned back disappointment as there no stocks will reduce faith customers ab poor management,Negative,23
A2B Madurai,karthikkumar s,1,5 months ago,Worst experience at A2B madurai today 14 Dec 2025.waited 30 mint for a normal dosa..only 1 attender was there for while restaurant.. could see many done plates on almost all tables for more than 15 mints..many were leaving after waiting long time. Disa was very salty..worst.pls save the name of A2B,worst experience ab madurai today dec waited mint normal dosaonly attender there while restaurant could see many done plates almost all tables more than mintsmany were leaving after waiting long time disa very saltyworstpls save name ab,Negative,37
A2B Madurai,Racha King,2,2 years ago,"I don’t want to be rude but if you are sitting and eating on the table and you keep your bag on an empty chair that belongs to you then people should understand that. The person asked us to put the bag down on the floor but the floor was too dirty. We couldn’t put the bag on our laps as it was way too big for that due to close sitting arrangements. We could barely get up having no space between chairs. One female forcefully sat opposite to us while we were eating so we finally decided to get up and leave. The employee told her to sit forcefully.

There is no system. We were also waiting outside for people to finish so we could grab a table and eat, why do people have to behave as if it’s the end of the world. Maybe it’s normal here but usually never happened with us before.

Food was average and we never visited again after this. Employees look at you like you should eat and get out quickly. Food is meant to have with love and peace but this place just care about money making.

Good luck to the owner.",i dont want be rude but if you sitting eating table you keep your bag empty chair belongs you then people should understand person asked us put bag down floor but floor too dirty we couldnt put bag our laps as way too big due close sitting arrangements we could barely get up having no space between chairs one female forcefully sat opposite us while we were eating so we finally decided get up leave employee told her sit forcefully there no system we were also waiting outside people finish so we could grab table eat why do people have behave as if its end world maybe its normal here but usually never happened us before food average we never visited again after employees look you like you should eat get out quickly food meant have love peace but place just care about money making good luck owner,Negative,148
A2B Madurai,Pavitha,4,9 months ago,The food was good for the price and quatity . We had south indian meals . The service was good. They have lot of space . But at lunch you may end up in queue . So plan accordingly,food good price quatity we had south indian meals service good they have lot space but lunch you may end up queue so plan accordingly,Positive,25
A2B Madurai,Gianluca Crivellin,5,5 months ago,"I had a great experience at this restaurant. The place was very clean and well maintained, and the food was excellent, fresh, flavorful, and well prepared.
A special mention goes to Mahesh, whose table service was exceptional: attentive, friendly, and always professional. He really made the experience even more enjoyable.
Highly recommended, and I would definitely come back.",i had great experience restaurant place very clean well maintained food excellent fresh flavorful well prepared special mention goes mahesh whose table service exceptional attentive friendly always professional he really made experience even more enjoyable highly recommended i would definitely come back,Positive,42
A2B Madurai,Madhu Kalepu,4,3 years ago,"Traditional A2B, we had South Indian Thali. Items should have been better. Ground floor offer breakfast, Sweets section. 1st floor has dine-in for lunch/dinner. Visit early to avoid waiting and rush. When we went for lunch at 12pm, no one was there but got crowded later on!",traditional ab we had south indian thali items should have been better ground floor offer breakfast sweets section st floor has dinein lunchdinner visit early avoid waiting rush when we went lunch pm no one there but got crowded later,Positive,40
A2B Madurai,Shiv SV,5,4 months ago,"Really liked the atmosphere. Took 1 rating away from food because of quantity of the mushroom and green peas biryani (which was yummy nonetheless). But we absolutely liked the taste of the veg biryani and the meals. Service by Ms. Chithra, she is quite is professional and prompt 👌🏽",really liked atmosphere took rating away from food because quantity mushroom green peas biryani which yummy nonetheless but we absolutely liked taste veg biryani meals service by ms chithra she quite professional prompt,Positive,33
A2B Madurai,sakthivel kumar,3,3 months ago,"A2b tea is useless, even 50rs for single 50ml tea you not even get a good taste and chair. You should stand and drink. Milk thickness is very poor. Zam zam tea is very best for that price. Home tea is better then a2b",ab tea useless even rs single ml tea you not even get good taste chair you should stand drink milk thickness very poor zam zam tea very best price home tea better then ab,Neutral,34
A2B Madurai,Amar J,3,3 years ago,"Food was good, nice and clean overall, price was moderate. Service kind of also very prompt. If you want to have simple dinner then definitely a place to visit. Nothing fancy to expect. A good variety of food from south and few North Indian dishes. Quantity was just ok, puri chole with low expectations turned out to be good. Around 8-10mins walk from Madurai temple, through dense Madurai streets, which is a nice walk.",food good nice clean overall price moderate service kind also very prompt if you want have simple dinner then definitely place visit nothing fancy expect good variety food from south few north indian dishes quantity just ok puri chole low expectations turned out be good around mins walk from madurai temple through dense madurai streets which nice walk,Neutral,58
A2B Madurai,HB,4,Edited a year ago,"Had filter coffee at this restaurant and it was really good. The milk was creamy and the coffee had good flavor.
They have nice seating area and air conditioning.

Update",had filter coffee restaurant really good milk creamy coffee had good flavor they have nice seating area air conditioning update,Positive,20
A2B Madurai,Pranesh Kumar M,2,2 months ago,Don't order Chilly paratha u need a hammer or stone as a helping tool if u say it to them they will teach u how to break it into pieces using this tool and eat ....worst response ever and all foods tastes very normal equal to road side shop but price for brand name no use,dont order chilly paratha u need hammer stone as helping tool if u say them they will teach u how break into pieces using tool eat worst response ever all foods tastes very normal equal road side shop but price brand name no use,Negative,44
A2B Madurai,Siva Samandy,2,2 months ago,Each food is very high and vadai rate is so much high which is 45 rs very over rate.Any body not go to this hotel.very worst hotel in food.,each food very high vadai rate so much high which rs very over rateany body not go hotelvery worst hotel food,Negative,21
A2B Madurai,GK,4,3 years ago,Excellent food. Menu is extensive and seasonal to a particularly high standard. Ideal for those who order mini lunch from office. The ambiance is very welcoming and charming. Could be improved to match other metro cities A2B outlets too.,excellent food menu extensive seasonal particularly high standard ideal those who order mini lunch from office ambiance very welcoming charming could be improved match other metro cities ab outlets too,Positive,30
A2B Madurai,Shweta Panda,3,6 months ago,"The food was ok kind of, the place is over hyped. Very crowdy",food ok kind place over hyped very crowdy,Neutral,8
A2B Madurai,Kamali Radhakrishnan,1,6 months ago,"If you've the idea of visiting this A2B, with the hope that their food is gonna taste good as served in other branches, You're Wrong. They serve the worst sambar vada which is not at all fried properly. Not only that, their meals, kadai vegetables, masala poori etc., don't really have the authentic taste of A2B group of restaurants. Visit at your own risk 😂",if youve idea visiting ab hope their food gonna taste good as served other branches youre wrong they serve worst sambar vada which not all fried properly not only their meals kadai vegetables masala poori etc dont really have authentic taste ab group restaurants visit your own risk,Negative,48
A2B Madurai,Uthranarayan C,3,3 years ago,"What you’ll like:
+ Located right next to Vilakuthoon.
+ Has parking available, the capacity is limited though.
+ Taste of food is good.
What you won’t like:
- Food doesn’t taste like a typical A2B restaurant. Don’t get me wrong. Food tastes good. But it misses out on the wow factor.
- Service is poor. Staff are courteous, but they are short of staff so be ready for long waiting times.
- Not value for money.
- Overcrowded.",what youll like located right next vilakuthoon has parking available capacity limited though taste food good what you wont like food doesnt taste like typical ab restaurant dont get me wrong food tastes good but misses out wow factor service poor staff courteous but they short staff so be ready long waiting times not value money overcrowded,Neutral,57
A2B Madurai,Nandanaa Nair,5,2 months ago,The food was great ... So was the service of mahesh 🙌🏼.... Very polite guy ... Thank you so much,food great so service mahesh very polite guy thank you so much,Positive,12
A2B Madurai,AKSHAYA DHAMOTHARAN,1,5 months ago,Nail found in bhel puri…worst hotel…what happens if i have ate it….,nail found bhel puriworst hotelwhat happens if i have ate,Negative,10
A2B Madurai,Shanmugam G,3,5 years ago,"They have multiple delicious sweets available, it might be a bit costly as compared withthe other sweet shops, there is a chat corner of the shop, for the people who crave for chat items you can try it here they are fairly good. They also do have a restaurant next to the sweet shop. Please try it if you are a vegetarian since it is a well known brand they maintain the same taste.
Additional info :
If you prefer to buy a gift box for marriage functions etc.. You can definitely try here, they offer a small box of 100gram which contains a sweet dish and a spice dish.
The cost depends on the sweet and spice dish you choose.",they have multiple delicious sweets available might be bit costly as compared withthe other sweet shops there chat corner shop people who crave chat items you can try here they fairly good they also do have restaurant next sweet shop please try if you vegetarian since well known brand they maintain same taste additional info if you prefer buy gift box marriage functions etc you can definitely try here they offer small box gram which contains sweet dish spice dish cost depends sweet spice dish you choose,Neutral,87
A2B Madurai,gandhi congo,1,3 months ago,"Very worst taste,
Even coconut chutney is not good,
Channa masala kurma utter waste.
This is not first time,
Kindly take necessary action.",very worst taste even coconut chutney not good channa masala kurma utter waste not first time kindly take necessary action,Negative,20
A2B Madurai,sethu mathi,4,2 months ago,Price is too high...Taste wise good .. service also gud,price too hightaste wise good service also gud,Positive,8
A2B Madurai,Sugandhraj Mishra,1,a year ago,I suggest going to some small eateries instead of this big size restaurant. They say they cook fresh it will take time but when you get it its exactly opposite. Paid and went to eat somewhere else.,i suggest going some small eateries instead big size restaurant they say they cook fresh will take time but when you get its exactly opposite paid went eat somewhere else,Negative,30
A2B Madurai,Roahith B,4,7 months ago,"Delicious food, actually we went during Diwali purchasing,So there were lot of crowd, no place to have lunch , we were waiting for 45 minutes, on the whole  self service food -Good",delicious food actually we went during diwali purchasingso there were lot crowd no place have lunch we were waiting minutes whole self service food good,Positive,25
A2B Madurai,Saurabh Badave,4,2 years ago,"Tried masala dosa, rava masala dosa, and ghee roast dosa. Masala dosa was soggy, others were nice. All chutneys were nice as well. Bit crowded, but service was quick. Good option in Madurai.",tried masala dosa rava masala dosa ghee roast dosa masala dosa soggy others were nice all chutneys were nice as well bit crowded but service quick good option madurai,Positive,29
A2B Madurai,Kamali Radhakrishnan,1,3 months ago,"Congratulations A2B for serving worst food!!
Day by day the quality is deteriorating and am really wondering why..I ordered Gobhi Manchurian gravy and was served with ""onion oil manchurian"". It was so bland,drenched in oil with too much onion.. Nothing close to what Gobhi Manchurian should be",congratulations ab serving worst food day by day quality deteriorating am really wondering whyi ordered gobhi manchurian gravy served onion oil manchurian so blanddrenched oil too much onion nothing close what gobhi manchurian should be,Negative,35
A2B Madurai,Jainee Dedhia,5,2 months ago,"We had a wonderful experience with Mahesh, very kind, smiling throughout! Had a good time.",we had wonderful experience mahesh very kind smiling throughout had good time,Positive,12
A2B Madurai,Vinu Nair,2,Edited 4 months ago,"Nothing special with this restaurant, tasteless food. All curries tastes same no difference.
Service was excellent by waiters.",nothing special restaurant tasteless food all curries tastes same no difference service excellent by waiters,Negative,15
A2B Madurai,Sanish Jose,5,5 months ago,Very rich and aromatic food.. Service is very good.. Especially Ms Maya laxmi service girl is excellent❤️❤️,very rich aromatic food service very good especially ms maya laxmi service girl excellent,Positive,14
A2B Madurai,Sidika Z,5,2 months ago,"Mahesh - The service staff was very courteous, polite and friendly. He did a great job :)",mahesh service staff very courteous polite friendly he did great job,Positive,11
A2B Madurai,Sridharkannan S,1,4 months ago,"Ordered a rava dosai but worst experience with dosa,  3 chutneys, sambar and hospitality. 🙏 very worst experience 😭 Its cost Rs 116 only 🤦‍♂️🤦‍♂️",ordered rava dosai but worst experience dosa chutneys sambar hospitality very worst experience its cost rs only,Negative,17
A2B Madurai,Nisha Rajpurohit,4,7 years ago,"A2B is one of the well known hotel in madurai it is a bit expensive as compared to other hotels in madurai.as it is located near to Meenakshi amman temple it is located in centre of the city it is very crowded on weekends .it's service is bit slow but it's quality of food if great.its a family favorable place where u can enjoy chat items , different juices , noodles,tea, ice creams,coffee,sweets,north indian ,south indian food.i personal like the meal of A2B .and suggest to visit and eat in A2B family and frends.",ab one well known hotel madurai bit expensive as compared other hotels maduraias located near meenakshi amman temple located centre city very crowded weekends its service bit slow but its quality food if greatits family favorable place where u can enjoy chat items different juices noodlestea ice creamscoffeesweetsnorth indian south indian foodi personal like meal ab suggest visit eat ab family frends,Positive,62
A2B Madurai,Ashish Gupta,2,7 months ago,Service was ok. Food quality is not upto the mark. Rawa kesari was not look like Rawa Kesari. Ordered gobhi manchurian but it was to spicy. 🥵,service ok food quality not upto mark rawa kesari not look like rawa kesari ordered gobhi manchurian but spicy,Negative,19
A2B Madurai,Caped Crusader,5,5 months ago,Mr. Magesh is a wonderful host. We all loved the food and hospitality. Ambience is great and would recommend this restaurant to family and friends.,mr magesh wonderful host we all loved food hospitality ambience great would recommend restaurant family friends,Positive,16
A2B Madurai,Senthil mani sekar Annamalai,4,8 years ago,"For vegetarians, it one of the best restaurants on highways.i have stopped for breakfast here and lucky there is no crowd but still their serving time is more. I have ordered Pongal, dosai and poori and every item are very good.

The ambience is good. Decent air conditioning. They have kid play area and have sufficient parking slot and have shopping stalls for books. Bharat petroleum bunk is aside the a2b.",vegetarians one best restaurants highwaysi have stopped breakfast here lucky there no crowd but still their serving time more i have ordered pongal dosai poori every item very good ambience good decent air conditioning they have kid play area have sufficient parking slot have shopping stalls books bharat petroleum bunk aside ab,Positive,52
A2B Madurai,Rajaram Vasu,1,4 months ago,The captain’s are behaving like a roadside shop as they are impolite and yelling at each other and rude to customer’s. Please address this issue on priority as we come here thinking A2B standards but the experience is worse.,captains behaving like roadside shop as they impolite yelling each other rude customers please address issue priority as we come here thinking ab standards but experience worse,Negative,27
A2B Madurai,gaurav joshi,5,2 years ago,"We went therefore to statiate our desire for authentic South Indian food, delighted to try ghee masala dosa, rava kesari,pav bhai, the whole meal was in budget and definitely going back to this restaurant branch anywhere in the country",we went therefore statiate our desire authentic south indian food delighted try ghee masala dosa rava kesaripav bhai whole meal budget definitely going back restaurant branch anywhere country,Positive,28
A2B Madurai,anju Dinesh,5,3 months ago,"Really happy with food taste ,staff names maya done a good service, and neatness maintained in hotel",really happy food taste staff names maya done good service neatness maintained hotel,Positive,13
A2B Madurai,MUTHU RAMAKRISHNAN (SMRK),4,2 years ago,"You want food  delicious can must try,but price 😜😅
If u want to try naan roti items can't get curry ,that one very bad experience",you want food delicious can must trybut price if u want try naan roti items cant get curry one very bad experience,Positive,22
A2B Madurai,amulya bellamkonda,3,5 months ago,"Somehow food tasted average,the service was good though,but the place was too noisy,not because of the crowd but the workers were yapping and making noises with the cutlery.",somehow food tasted averagethe service good thoughbut place too noisynot because crowd but workers were yapping making noises cutlery,Neutral,19
A2B Madurai,Manish Kumar,1,9 months ago,"The quality of food has degraded since I last visited.
I always have food in A2B whenever I travel as the food taste and preparation used to be exceptional. Today also I had lunch at A2B in Krishnagiri. Everything was exceptional. But here at Madurai, service and food both were not satisfactory.",quality food has degraded since i last visited i always have food ab whenever i travel as food taste preparation used be exceptional today also i had lunch ab krishnagiri everything exceptional but here madurai service food both were not satisfactory,Negative,41
A2B Madurai,Nitin Sehgal,4,7 years ago,"Good place to have a tasty meal or snack for a low price. The restaurant is air conditioned with ample seating. It serves South Indian, North Indian and Chinese cuisine. It has a seperate hall for snacks. The quality is good and items are freshly prepared. Very crowded at Lunch time. The toilet is dirty. They have waiters who can speak a variety of languages which is a plus.",good place have tasty meal snack low price restaurant air conditioned ample seating serves south indian north indian chinese cuisine has seperate hall snacks quality good items freshly prepared very crowded lunch time toilet dirty they have waiters who can speak variety languages which plus,Positive,45
A2B Madurai,Harikrishnan Anandan,4,a year ago,"I recently had lunch at A2B in Madurai and opted for the vegetarian meals. The food was very good and filling, and I was quite satisfied with the taste and variety of the dishes. Compared to other A2B branches in Chennai, this location stands out in terms of meal quality.

The only drawback is the lack of car parking. However, overall, I was pleased with the food and would recommend this place for a satisfying vegetarian meal.",i recently had lunch ab madurai opted vegetarian meals food very good filling i quite satisfied taste variety dishes compared other ab branches chennai location stands out terms meal quality only drawback lack car parking however overall i pleased food would recommend place satisfying vegetarian meal,Positive,46
A2B Madurai,Robbie Malcolm,5,4 months ago,Very clean and with great staff. Highly recommend quick delicious lunch.,very clean great staff highly recommend quick delicious lunch,Positive,9
A2B Madurai,ChanDran Sakthi,2,3 months ago,Food was okay but too costly I had a ghee roast it was 170rs for this price quantity is not enough.,food okay but too costly i had ghee roast rs price quantity not enough,Negative,14
A2B Madurai,Joe Sivam,1,a year ago,"One of the worst experiences which I ever had today in madurai this A2B branch . Poor quality service and stafff are superb rude (cashier in cap)
Never think Malaysian people can’t afford to pay your meals .A2B management please polish up all your staff service quality",one worst experiences which i ever had today madurai ab branch poor quality service stafff superb rude cashier cap never think malaysian people cant afford pay your meals ab management please polish up all your staff service quality,Negative,38
A2B Madurai,S.Tharun Ambeth,4,a year ago,It has a good atmosphere and located in popular street...it was quite good in service and response...as no parking is alloted...it is quite difficult for vehicle persons...,has good atmosphere located popular streetit quite good service responseas no parking allotedit quite difficult vehicle persons,Positive,17
A2B Madurai,Ragotham Manohar,2,a year ago,"Without car parking, it’s difficult to have food in restaurant… please implement!",without car parking its difficult have food restaurant please implement,Negative,10
A2B Madurai,Akshay Akshay bc,5,5 months ago,"Supplier should explain about special meals
This is unlimited rice or not
This is problem that’s all
All food service is excellent",supplier should explain about special meals unlimited rice not problem thats all all food service excellent,Positive,16
A2B Madurai,Rishanth Harish,5,5 months ago,Mahesh was awesome. He took good care of us. Hos service was very exceptional.,mahesh awesome he took good care us hos service very exceptional,Positive,11
A2B Madurai,monika medicos,5,9 months ago,Must visit place if you are visiting Madurai it has some good food to offer,must visit place if you visiting madurai has some good food offer,Positive,12
A2B Madurai,Viji N,4,9 months ago,"Gud in all . Taste , ambience is gud. Customer service by kavya is amazing.
Except they charge rs.10 for appalam for kids is really disgusting. Many restaurants provide free food for kid aged under 5. But all others  are OK.",gud all taste ambience gud customer service by kavya amazing except they charge rs appalam kids really disgusting many restaurants provide free food kid aged under but all others ok,Positive,30
A2B Madurai,anusha devi,4,8 months ago,Food are taste good. But the service is very worst. More than half an hour we waited to gave orders. And they don't ask for reorder.,food taste good but service very worst more than half hour we waited gave orders they dont ask reorder,Positive,19
A2B Madurai,Gmohan G,1,8 months ago,"“The food was good, but the service was very poor. When we asked, the server told us only dosa was available, but later the cashier said all food items were available. This miscommunication created a very bad experience.",food good but service very poor when we asked server told us only dosa available but later cashier said all food items were available miscommunication created very bad experience,Negative,29
A2B Madurai,Anu The Great,1,7 months ago,"Worst food and service
Over priced
They charged Rs 79 for a lemon juice and Rs 84 for a curd rice
Curd rice had a worst taste
Service is pathetic",worst food service over priced they charged rs lemon juice rs curd rice curd rice had worst taste service pathetic,Negative,20
A2B Madurai,himanshu tripathi,5,5 months ago,"Mayalakshmi has been really supportive and served best food to us, Must try in Madurai for a north Indian",mayalakshmi has been really supportive served best food us must try madurai north indian,Positive,14
A2B Madurai,Srikar S,1,8 months ago,"One of the worst places to eat.Waiters are arrogant, Don’t even come to take the order.Wanted to give 0 stars but as there is no option for giving 0 stars,I am giving 1 star. Please listen to my advice and don’t come here",one worst places eatwaiters arrogant dont even come take orderwanted give stars but as there no option giving starsi am giving star please listen my advice dont come here,Negative,29
A2B Madurai,MANIVASAGAM S,5,3 months ago,Service and dishes are good. Service done by Miss. Latika is very good.,service dishes good service done by miss latika very good,Positive,10
A2B Madurai,Uma Maheswari G,2,4 months ago,"If order from Swiggy, the rice is only half cooked. How children and elder people eat those white rice?",if order from swiggy rice only half cooked how children elder people eat those white rice,Negative,16
A2B Madurai,DEVADAS KAMALAKANNAN,5,3 months ago,"Food is very good
Go for the regular South  Indian thali.",food very good go regular south indian thali,Positive,8
A2B Madurai,julius thangadurai,2,7 months ago,Improve the rice quality for afternoon means,improve rice quality afternoon means,Negative,5
A2B Madurai,Vaishnav P Varma,1,a year ago,"Highly priced with below average food taste and quantity.
It's better not to opt for this A2B outlet.",highly priced below average food taste quantity its better not opt ab outlet,Negative,13
A2B Madurai,Divya gargee,1,3 months ago,"Worst food, worst behaviour,I think this is not original brand of A2b,waste of money",worst food worst behaviouri think not original brand abwaste money,Negative,10
A2B Madurai,priyanka p,5,3 months ago,"Respect srinivasan sir ..
His service for the customer is too good.
Excellent customer service.",respect srinivasan sir his service customer too good excellent customer service,Positive,11
A2B Madurai,Vivek Vaish,5,5 months ago,Chithra was fantastic and made our experience memorable. 7 stars to her!,chithra fantastic made our experience memorable stars her,Positive,8
A2B Madurai,Augustine Joshua,3,7 years ago,"Nice chain, can be 4 star from general view however I am rating as a south indian special restaurant since that's what it's branding suggests but it's thali and many vegi dishes have north taste with south flavour",nice chain can be star from general view however i am rating as south indian special restaurant since thats what its branding suggests but its thali many vegi dishes have north taste south flavour,Neutral,34
A2B Madurai,Henry d'souza,1,3 months ago,"Found stones in veg fried price, rava kesari was sticky and not found any nuts or dry fruits",found stones veg fried price rava kesari sticky not found any nuts dry fruits,Negative,14
A2B Madurai,Alice Lockhart,5,4 months ago,"Amazing service Mahesh, went above and beyond, very tasty food too!",amazing service mahesh went above beyond very tasty food too,Positive,10
A2B Madurai,Sourav Banerjee,5,5 months ago,Professional and fast service. Prakash was very courteous and helpful with all required information.,professional fast service prakash very courteous helpful all required information,Positive,10
A2B Madurai,Gopi S,5,4 months ago,Food quality and taste is real good.,food quality taste real good,Positive,5
A2B Madurai,Ky Bai,4,4 years ago,"Taste is good and quality and quantity is good ,best for take away . If dinn in means the service is little slow due to crowd. Parking facilities available,good option for family and friends. Here my mom's favourite is ven pongal, aadai dosai",taste good quality quantity good best take away if dinn means service little slow due crowd parking facilities availablegood option family friends here my moms favourite ven pongal aadai dosai,Positive,30
A2B Madurai,varzha s.p varzha s.p,4,9 months ago,The food was very good but the service was very very worse they don't even ask us again please change this habit and my daughter resive the food after a 10 to 15 min,food very good but service very very worse they dont even ask us again please change habit my daughter resive food after min,Positive,23
A2B Madurai,Gauravi Upadhyay,4,4 years ago,Its around 900 mtrs from Meenakshi temple south gate. It my tried and tested option whenever I travel solo and best for veg people. You can always go for parotha and kurma . I guarantee you will never be disappointed,its around mtrs from meenakshi temple south gate my tried tested option whenever i travel solo best veg people you can always go parotha kurma i guarantee you will never be disappointed,Positive,32
A2B Madurai,VISHNU B,2,4 months ago,I wait more than 1 hr for a single cup coffee that’s the main reason I give 3 star,i wait more than hr single cup coffee thats main reason i give star,Negative,14
A2B Madurai,Wow Creations,2,3 months ago,The number of dishes can be increased... service could be improved...,number dishes can be increased service could be improved,Negative,9
A2B Madurai,Gayathri KP,3,6 years ago,Average food joint. Not upto the mark when compared to other A2Bs. Good for lunch.,average food joint not upto mark when compared other abs good lunch,Neutral,12
A2B Madurai,MOHAN JAYARAJ,1,Edited 4 years ago,"We visited to your Madurai  vilakkuthoon restraurent on August 22. My whole family had lunch there which was hygienic and good taste. Thank you for decent lunch.

But i was really disappointed quality of food packed for take away. We ordered  Rasa malai to take home. After reach home (2 hours after left from restaurant) once we open food container we noticed and tasted food is already spoiled.

That is not the quality of food that one would expect from a restaurant of your level and reputation. Please make sure your customers are getting hygienic food to maintain your reputation.

I trust you will be treating this complaint in a strict manner while taking all the neccessary measures to make sure that such incident does not happen again.

I have sent mail but there is no response till now.",we visited your madurai vilakkuthoon restraurent august my whole family had lunch there which hygienic good taste thank you decent lunch but i really disappointed quality food packed take away we ordered rasa malai take home after reach home hours after left from restaurant once we open food container we noticed tasted food already spoiled not quality food one would expect from restaurant your level reputation please make sure your customers getting hygienic food maintain your reputation i trust you will be treating complaint strict manner while taking all neccessary measures make sure such incident does not happen again i have sent mail but there no response till now,Negative,109
A2B Madurai,Krithika Sundaram,1,10 months ago,"Worst Food Experience at Ananda Bhawan, Villakuthoon, Madurai – Totally Disgusted and Furious!

We visited Ananda Bhawan at Villakuthoon, Madurai, and ordered Dosa and Pongal. What we were served was absolutely shocking and unacceptable.

The Dosa batter was extremely sour—so much that we couldn't even take a proper bite. It was spoiled beyond imagination—we have never tasted anything this disgusting in our lives. When we complained, the server brought another dosa, claiming it was made from fresh batter. But the same foul sourness remained. Clearly, they were just re-serving the same bad food without any concern.

The Pongal tasted like it had been cooked in the morning and simply reheated. There was no freshness, no flavour, and zero quality. It was like eating leftovers from hours ago.

To make it worse, the rates were ridiculously high for such terrible and unhygienic food. It’s an absolute scam to charge customers so much and serve stale, low-grade items that are not even safe to eat. After eating, we suffered from severe acidity, vomiting, and food poisoning symptoms throughout the night. We couldn’t even sleep due to the discomfort.

Ananda Bhawan used to be a trusted name—but this branch is a complete disgrace. They are cheating customers, serving old food, charging high prices, and risking people's health. We will never step foot in this place again.",worst food experience ananda bhawan villakuthoon madurai totally disgusted furious we visited ananda bhawan villakuthoon madurai ordered dosa pongal what we were served absolutely shocking unacceptable dosa batter extremely sourso much we couldnt even take proper bite spoiled beyond imaginationwe have never tasted anything disgusting our lives when we complained server brought another dosa claiming made from fresh batter but same foul sourness remained clearly they were just reserving same bad food without any concern pongal tasted like had been cooked morning simply reheated there no freshness no flavour zero quality like eating leftovers from hours ago make worse rates were ridiculously high such terrible unhygienic food its absolute scam charge customers so much serve stale lowgrade items not even safe eat after eating we suffered from severe acidity vomiting food poisoning symptoms throughout night we couldnt even sleep due discomfort ananda bhawan used be trusted namebut branch complete disgrace they cheating customers serving old food charging high prices risking peoples health we will never step foot place again,Negative,169
A2B Madurai,Tanya Bansal,2,9 months ago,"We ordered chai and pongal. Pongal was cold and not tasty. Service is very poor. After asking the person 3 times, we got our water after 15 mins",we ordered chai pongal pongal cold not tasty service very poor after asking person times we got our water after mins,Negative,21
A2B Madurai,sathana priyanka,3,Edited 2 years ago,Food quality worst... Pav bhaji is very salt and bad taste.. customer service very disappointing...they are so ignorant and not friendly...kindly understand we are also same human like u...and we come to a place to calm ourselves....if u cant manage to work say to ur management...dnt show ur attitude to us....we r paying for u....not begging,food quality worst pav bhaji very salt bad taste customer service very disappointingthey so ignorant not friendlykindly understand we also same human like uand we come place calm ourselvesif u cant manage work say ur managementdnt show ur attitude uswe r paying unot begging,Neutral,44
A2B Madurai,Arun,1,7 months ago,"Service very worst. Need to improve
We have waited at table more than 20 to 30 minits",service very worst need improve we have waited table more than minits,Negative,12
A2B Madurai,Ravichandran RP,4,a year ago,Good Choice if you are looking for a veg restaurant in Vilakkuthoon area offers a wide variety of menu. Crowded always during peak time due to its proximity to the shopping area. Expect noisy atmosphere and delayed service due to the crowd. Not an ideal place if you are looking for a relaxed spot to enjoy a casual meal and conversation.,good choice if you looking veg restaurant vilakkuthoon area offers wide variety menu crowded always during peak time due its proximity shopping area expect noisy atmosphere delayed service due crowd not ideal place if you looking relaxed spot enjoy casual meal conversation,Positive,42
A2B Madurai,Devesh R,4,5 years ago,"Nive food and taste ,a/c but  chillness was  low, ok for evening snacks",nive food taste ac but chillness low ok evening snacks,Positive,10
A2B Madurai,Reebiyo Fernandez,5,5 months ago,Good service and food -want to specially mention the caption mahesh,good service food want specially mention caption mahesh,Positive,8
A2B Madurai,Lingesh Li,1,7 months ago,"Food quality and quantity is very poor
And potato masala Too much salt
🤮",food quality quantity very poor potato masala too much salt,Negative,10
A2B Madurai,Kishore V,3,11 months ago,"The restaurant was overcrowded, making it hard to find a comfortable spot. Tables were dirty and poorly maintained. The service was slow and the staff seemed inattentive. For the high prices they charge, the overall experience was very disappointing. Cleanliness and customer service definitely need improvement. Not a place I’d recommend for a relaxing or enjoyable meal.",restaurant overcrowded making hard find comfortable spot tables were dirty poorly maintained service slow staff seemed inattentive high prices they charge overall experience very disappointing cleanliness customer service definitely need improvement not place id recommend relaxing enjoyable meal,Neutral,38
A2B Madurai,Visakeswaran,1,4 years ago,"Not the best A2B outlet, you would visit. Ambience is poor and there is parking facility, staff here are also not well behaved. Food taste was horrible, podi dosa tasted bitter and kesari was having some black particles in it",not best ab outlet you would visit ambience poor there parking facility staff here also not well behaved food taste horrible podi dosa tasted bitter kesari having some black particles,Negative,30
A2B Madurai,Beulah Jeyachandra Paul,5,5 months ago,Mahesh did a very good job. The service was excellent!,mahesh did very good job service excellent,Positive,7
A2B Madurai,Khangararam Choudhary,4,4 months ago,Good food with good waiters ..... special mention for miss.Maya laxmi,good food good waiters special mention missmaya laxmi,Positive,8
A2B Madurai,Shanmugavel SRD,4,2 years ago,"One of the good vegetarian restaurants in Vilakkuthoon area. Mini meals, kesari, butter naan’s were good but chili parotta was unavailable during lunch but pani poori was available during lunch time. First floor is good for family but elders cannot climb the steep stairs. Parking is unavailable.",one good vegetarian restaurants vilakkuthoon area mini meals kesari butter naans were good but chili parotta unavailable during lunch but pani poori available during lunch time first floor good family but elders cannot climb steep stairs parking unavailable,Positive,38
A2B Madurai,Chandrasekhar B,4,9 months ago,Food was good. White chatni and green chatni was awesome. Paneer and Mushroom noodles are worth a try here. Service and ambiance of the place was really good and Jeevananthan served us really well.,food good white chatni green chatni awesome paneer mushroom noodles worth try here service ambiance place really good jeevananthan served us really well,Positive,23
A2B Madurai,C ASHOK,1,6 months ago,"Very poor service, we have waiting for more than 30mins, there is no service person attended after 45mins as w3ll.",very poor service we have waiting more than mins there no service person attended after mins as wll,Negative,18
A2B Madurai,Vijaykumar Menkudale,1,a year ago,"Disappointing Experience at A2B Veg Restaurant, Madurai

Dear A2B Team,
I recently visited your Madurai branch, and I am writing to share my disappointing experience. Unfortunately, the service was subpar and the overall cleanliness of the restaurant was not up to standard.

Service: The staff was inattentive and seemed unprofessional. It took a long time for us to be seated, and even longer for our orders to be taken. Despite the restaurant not being very crowded, it felt like our presence was an inconvenience to the staff.

Cleanliness: The cleanliness of the restaurant was also a concern. The tables were sticky, and the floor appeared to be unclean. The washrooms were not maintained properly either, which was quite off-putting.

I have always associated A2B with good food and quality service, but my experience this time was far from satisfactory. I hope you will take this feedback seriously and work to improve the experience for your future customers.",disappointing experience ab veg restaurant madurai dear ab team i recently visited your madurai branch i am writing share my disappointing experience unfortunately service subpar overall cleanliness restaurant not up standard service staff inattentive seemed unprofessional took long time us be seated even longer our orders be taken despite restaurant not being very crowded felt like our presence inconvenience staff cleanliness cleanliness restaurant also concern tables were sticky floor appeared be unclean washrooms were not maintained properly either which quite offputting i have always associated ab good food quality service but my experience time far from satisfactory i hope you will take feedback seriously work improve experience your future customers,Negative,110
A2B Madurai,Sidiq S,1,a year ago,"I am a regular customer to this restaurent, which is near to my place. In recent days i started observing that the food quality is not good and not worth for the money they charge to the foods. I questioned why the standard is low to the service execute, he replied very rudely. I ordered Ghee pongal where there is no sign of ghee visually and in taste as well, I asked about this to supplier he said it is normal pongal. However when i received a bill it mentioned it as Ghee pongal, and the biller was saying this what we have and ghee was there in pongal in rude manner.  Poori was not cooked well, Ghee Roast was over cooked, the biller simply said Master is changed that is why the quality is bad. But A2B is charging the same amount irrespective of bad quality food or poor master chef they hired. This would be my last visit to A2B madurai villakuthoon and make ensure the feedback shared with my network to ensure they have good service and better food in other restaurents in Madurai like Sabarees, Gowri Krishna etc. A2B cannot be compared to the great restaurents i mentioned. Its for an reference to avoid an horrific exp and find better alternatives.",i am regular customer restaurent which near my place recent days i started observing food quality not good not worth money they charge foods i questioned why standard low service execute he replied very rudely i ordered ghee pongal where there no sign ghee visually taste as well i asked about supplier he said normal pongal however when i received bill mentioned as ghee pongal biller saying what we have ghee there pongal rude manner poori not cooked well ghee roast over cooked biller simply said master changed why quality bad but ab charging same amount irrespective bad quality food poor master chef they hired would be my last visit ab madurai villakuthoon make ensure feedback shared my network ensure they have good service better food other restaurents madurai like sabarees gowri krishna etc ab cannot be compared great restaurents i mentioned its reference avoid horrific exp find better alternatives,Negative,150
A2B Madurai,Arthi Elangovan,1,7 months ago,Very poor service and very rude behaviour extremely disappointing service and in afternoon 1 Pm they say the juice counter is closed then behaving rude,very poor service very rude behaviour extremely disappointing service afternoon pm they say juice counter closed then behaving rude,Negative,19
A2B Madurai,Srini Vasan,1,11 months ago,"Horrible Experience at A2B Near Meenakshi Amman Temple – Food Poisoning Incident

Our entire family visited the Meenakshi Amman Temple recently and, while searching for a good place to have lunch amidst the heavy crowd, we chose to eat at A2B (Adyar Ananda Bhavan). We ordered meals (Rs.168) and mushroom biryani (Rs.250).

To our shock, every one of us fell seriously ill shortly after eating. Symptoms included severe stomach pain, diarrhea, and vomiting, which are classic signs of food poisoning. Even after seeking medical treatment, we are still recovering and experiencing discomfort.

It’s extremely disappointing that a reputed chain like A2B is compromising on food quality, especially in a place that receives countless visitors. It seems they are taking advantage of being in a tourist area by focusing only on profits rather than customer safety.

I strongly urge everyone to avoid this outlet. Health is more important than convenience.",horrible experience ab near meenakshi amman temple food poisoning incident our entire family visited meenakshi amman temple recently while searching good place have lunch amidst heavy crowd we chose eat ab adyar ananda bhavan we ordered meals rs mushroom biryani rs our shock every one us fell seriously ill shortly after eating symptoms included severe stomach pain diarrhea vomiting which classic signs food poisoning even after seeking medical treatment we still recovering experiencing discomfort its extremely disappointing reputed chain like ab compromising food quality especially place receives countless visitors seems they taking advantage being tourist area by focusing only profits rather than customer safety i strongly urge everyone avoid outlet health more important than convenience,Negative,115
A2B Madurai,Karthick Santhakumar,5,5 months ago,Good food and service by the Maya Laxmi.... awesome moments,good food service by maya laxmi awesome moments,Positive,8
McDonald's Madurai,Jeanifer Tan,3,7 months ago,"Familiar branding decor and system. But food is underwhelming.
Mcspicy burger - so dark and dry that you can see the texture.
Surprise burger - ok, fresh onions
Pizza pie is ok, nice flavour, crush can be more fluffy
Mcchicken - dark and over fried",familiar branding decor system but food underwhelming mcspicy burger so dark dry you can see texture surprise burger ok fresh onions pizza pie ok nice flavour crush can be more fluffy mcchicken dark over fried,Neutral,35
McDonald's Madurai,ATTITUDE MATTERS,1,8 months ago,"Hi friends
With great curiosity we entered into McDonald's.
Atmosphere is good.
We order combo.
Fried chicken is too salty and spicy.
Burger ok.
It's not value for money .
I won't recommend this place.",hi friends great curiosity we entered into mcdonalds atmosphere good we order combo fried chicken too salty spicy burger ok its not value money i wont recommend place,Negative,28
McDonald's Madurai,Yours Digitall,3,Edited 9 months ago,"Everything was ok for me on my first experience not good not bad kind of decent experience I had, waited long actually to visit the place as it is hugely crowded always. Coming to dishes i am basically a vegetarian there is not too much options available but there is quite a few I tried mexican veg burger, paneer wrap, Oreo mcflurry. The dessert was too good burger and wrap decent. Definitely will visit again with few more people to try more varieties. Also felt cost is also on higher end like a star category hotel.",everything ok me my first experience not good not bad kind decent experience i had waited long actually visit place as hugely crowded always coming dishes i am basically vegetarian there not too much options available but there quite few i tried mexican veg burger paneer wrap oreo mcflurry dessert too good burger wrap decent definitely will visit again few more people try more varieties also felt cost also higher end like star category hotel,Neutral,75
McDonald's Madurai,Mohammed sameer,3,a year ago,"It was very crowded as usual. I ordered most of their value combos. And waited for almost an hour. But when I tried it after it came to my home. I was disappointed with their taste actually most of their burgers were soggy and didn't have much stuffing . The only good thing was mcpuff which was unique. And their sides were also in small proportions. Overall, it wasn't worth it. I haven't tried their deserts/beverages though. So I can't comment on those.",very crowded as usual i ordered most their value combos waited almost hour but when i tried after came my home i disappointed their taste actually most their burgers were soggy didnt have much stuffing only good thing mcpuff which unique their sides were also small proportions overall wasnt worth i havent tried their desertsbeverages though so i cant comment those,Neutral,61
McDonald's Madurai,Harish,5,Edited a year ago,"I had a wonderful experience at this McDonald’s outlet!
The service was excellent — my order was taken promptly, and the food was served hot, fresh, and exactly as expected.
A special thanks to Sowmiya, who attended to me with a friendly smile and made sure everything was perfect.
Her polite and professional attitude really made my visit enjoyable.
It’s refreshing to see such great service along with delicious food.
Will definitely be visiting again soon!",i had wonderful experience mcdonalds outlet service excellent my order taken promptly food served hot fresh exactly as expected special thanks sowmiya who attended me friendly smile made sure everything perfect her polite professional attitude really made my visit enjoyable its refreshing see such great service along delicious food will definitely be visiting again soon,Positive,55
McDonald's Madurai,Kamal Kamatchi,4,4 months ago,Very nice burger varieties and fried chicken available. Must try wings we can taste at any day and time.,very nice burger varieties fried chicken available must try wings we can taste any day time,Positive,16
McDonald's Madurai,Ram Kumar,4,10 months ago,It’s located in the service road and parking is a bit difficult in peak hours. Food menu is as usual. But the space is huge. Two floors of nice ambiance but first floor is more quieter. Service is really good. Table service is also available. Order kiosk displays neat menu and easy to order. Overall a very good place to have a happy meal.,its located service road parking bit difficult peak hours food menu as usual but space huge two floors nice ambiance but first floor more quieter service really good table service also available order kiosk displays neat menu easy order overall very good place have happy meal,Positive,46
McDonald's Madurai,Advocate Jason Tamilselvan,5,5 months ago,"I recently visited McDonald’s Madurai and had a wonderful experience! I ordered a burger, iced coffee, and hot fudge ice cream, and everything was absolutely perfect. The food was fresh, delicious, and served just the way I like it.

A special mention to Anusri and Ramar, who both provided excellent service. They were friendly, attentive, and made sure everything was taken care of with genuine care.

Overall, it was a great dining experience, and I’m definitely looking forward to visiting again!",i recently visited mcdonalds madurai had wonderful experience i ordered burger iced coffee hot fudge ice cream everything absolutely perfect food fresh delicious served just way i like special mention anusri ramar who both provided excellent service they were friendly attentive made sure everything taken care genuine care overall great dining experience im definitely looking forward visiting again,Positive,58
McDonald's Madurai,Vishva prakash,3,a year ago,"We go to the mc Donald's at evening time there is huge crowd. And we ordered some food and we at just 10 to 15 mins only.

Food:

That chicken tastes was good but some piece of chicken have huge oil other than its good to eat. This time we didn't try burgers
And other food items 👍

Service :
Service was good and (Akalya) this staff was such a good and humble person. She treated as like her friend's. 🤝❤️

Atmosphere :
It's such a good neat and clean area. Even it's busy time they maintain the cleanliness. In floor and tables 👏👏👏

Best time to spend here :5.00 pm to 9.00pm
It's my opinion guy's 😊

@the_cornering_knight_93 any feedback at Instagram",we go mc donalds evening time there huge crowd we ordered some food we just mins only food chicken tastes good but some piece chicken have huge oil other than its good eat time we didnt try burgers other food items service service good akalya staff such good humble person she treated as like her friends atmosphere its such good neat clean area even its busy time they maintain cleanliness floor tables best time spend here pm pm its my opinion guys thecorneringknight any feedback instagram,Neutral,86
McDonald's Madurai,Reiah Paul Sam,5,8 months ago,"More space is available as they have two floors for dining,  Table service is also there. You can order from the kiosk as well.

Food is as usual in McDonald's

When coming to parking,  in front of the store there is only very less parking , you have to make use of the service road and nearby street. Little difficult in peak hours",more space available as they have two floors dining table service also there you can order from kiosk as well food as usual mcdonalds when coming parking front store there only very less parking you have make use service road nearby street little difficult peak hours,Positive,46
McDonald's Madurai,Gopi Nallaiyan,5,a year ago,First and only McDonald’s in Madurai at Bypass road. Table service is available both in the ground and first floor. Ordering kiosk also available. Dishes are standard and good.,first only mcdonalds madurai bypass road table service available both ground first floor ordering kiosk also available dishes standard good,Positive,20
McDonald's Madurai,prashanth chandar k.c.dinakaran,5,11 months ago,"Awesome ambiance & customer care...yummy korean Mc Egg Burger,Mc Cheese Veg Burger & Cappucino..Nice Takeaway package of Mango McFlurry & Chicken Nuggests",awesome ambiance customer careyummy korean mc egg burgermc cheese veg burger cappucinonice takeaway package mango mcflurry chicken nuggests,Positive,18
McDonald's Madurai,HariSS Kumar GJ,5,a year ago,"Love to Have Mcdonalds at  Namma MADURAI 💛〽️ Morning and Lunch hours are Relaxing.. Dinner times are very busy, plan accordingly before visiting.. Vegiees and Non veg both have equal dishes and enjoy the varieties of drinks and deserts available..",love have mcdonalds namma madurai morning lunch hours relaxing dinner times very busy plan accordingly before visiting vegiees non veg both have equal dishes enjoy varieties drinks deserts available,Positive,29
McDonald's Madurai,Kurinji Fruits,5,4 months ago,Super service and good food,super service good food,Positive,4
McDonald's Madurai,Abi Ammu,5,10 months ago,First time ordered here through Zomato.. The burger was so good..The bun and the chicken were tender and soft.. and the drinks are my absolute favourite.. give it a try guys.. The price falls on the higher side yet worth the cost..,first time ordered here through zomato burger so goodthe bun chicken were tender soft drinks my absolute favourite give try guys price falls higher side yet worth cost,Positive,28
McDonald's Madurai,Pawan Bhalaajie,4,11 months ago,"This has a new  ambience and the food here is worth. Loaded fries, try combos, and must have their muffins which are great. Could improve their ice coffee. Burgers here are really gud.",has new ambience food here worth loaded fries try combos must have their muffins which great could improve their ice coffee burgers here really gud,Positive,25
McDonald's Madurai,Lily fontaine,1,4 months ago,"Food quality overall not great.
Nuggets tasted as in the West.. which was great.
Hot chocolate tasted different to other McDonald's in India.
Coke was awful.
McDonald's pride themselves on being consistent throughout the world...a failure!",food quality overall not great nuggets tasted as west which great hot chocolate tasted different other mcdonalds india coke awful mcdonalds pride themselves being consistent throughout worlda failure,Negative,28
McDonald's Madurai,khaleda Tanwir,4,11 months ago,Good place to hangout.Parking space is available.Multiple food options are available including economical combos. Restrooms are available.You may enjoy food with a glimpse of by pass road.Self-ordering kiosk is also available for placing quick order.,good place hangoutparking space availablemultiple food options available including economical combos restrooms availableyou may enjoy food glimpse by pass roadselfordering kiosk also available placing quick order,Positive,26
McDonald's Madurai,sriram nadimpalli,2,3 months ago,"1. Wrong location given. Kindly correct your location.

2. Very slow is giving the orders. It took 20min give mine and by that other items become Cold.

Kindly read what is given in the comment before asking.",wrong location given kindly correct your location very slow giving orders took min give mine by other items become cold kindly read what given comment before asking,Negative,27
McDonald's Madurai,Vetrivel Chelian,2,6 months ago,"Multiple visits, same experience - this McDonald’s in Madurai seriously needs a revamp.

The staff are busy laughing and chatting with each other instead of attending to customers.
Basic courtesy and a welcoming attitude are missing.

When customers approach the counter, there’s no guidance, and even simple requests like swapping a drink get an eye-roll in response.

Nobody seems to know what’s actually available in the kitchen. Every item we ask for, we get a “please wait” and after a long pause, “not available.”
This repeats until we lose patience. Even then, the staff can’t clearly list what is available.

Self-ordering kiosks work only sometimes. Even if they work, customers are forced to stand in queue again for payment -completely defeating the purpose.

Cleanliness is poor: greasy tables, flies, and mosquitoes around the dining area. Despite giving table numbers, staff still roam around asking names and repeating orders.

No one guides parking outside, and most items shown as “available” on the McD app/Swiggy/Zomato magically become “not available” in person.

This outlet needs proper staff training, hygiene checks, better management, and customer-focused service.

McDonald’s is a global brand and Madurai customers expect better.",multiple visits same experience mcdonalds madurai seriously needs revamp staff busy laughing chatting each other instead attending customers basic courtesy welcoming attitude missing when customers approach counter theres no guidance even simple requests like swapping drink get eyeroll response nobody seems know whats actually available kitchen every item we ask we get please wait after long pause not available repeats until we lose patience even then staff cant clearly list what available selfordering kiosks work only sometimes even if they work customers forced stand queue again payment completely defeating purpose cleanliness poor greasy tables flies mosquitoes around dining area despite giving table numbers staff still roam around asking names repeating orders no one guides parking outside most items shown as available mcd appswiggyzomato magically become not available person outlet needs proper staff training hygiene checks better management customerfocused service mcdonalds global brand madurai customers expect better,Negative,146
McDonald's Madurai,SRI RAM,3,11 months ago,"McDonald's offers quick service and a familiar menu, but the taste and quality can be inconsistent.
Good for a budget-friendly meal, but not ideal for those seeking a premium dining experience.",mcdonalds offers quick service familiar menu but taste quality can be inconsistent good budgetfriendly meal but not ideal those seeking premium dining experience,Neutral,23
McDonald's Madurai,Madhubala Rodriguez,5,10 months ago,Really good food. Great burgers and the cafe part was unexpectedly good.,really good food great burgers cafe part unexpectedly good,Positive,9
McDonald's Madurai,lakshmipriya,3,7 months ago,"Positive thing - good customer service, they treat customers really good, ambience is good but full of Mosquitoes, kindly do something about this issue. My personal opinion I don't like sauces they use in the burger and the fries ,sauces are too salty, improve the taste of sauces , i ate only veg, I don't know about non veg options. The taste of veg burgers could have been much better. I expected a lot but didn't match the expectations. You should improve the taste of the veg burgers.",positive thing good customer service they treat customers really good ambience good but full mosquitoes kindly do something about issue my personal opinion i dont like sauces they use burger fries sauces too salty improve taste sauces i ate only veg i dont know about non veg options taste veg burgers could have been much better i expected lot but didnt match expectations you should improve taste veg burgers,Neutral,69
McDonald's Madurai,Sai. M. Nahesh Nahesh,1,7 months ago,Worst Maharaja Veg burger. Slow service,worst maharaja veg burger slow service,Negative,6
McDonald's Madurai,Vini Vinitha,5,4 months ago,"""McDonald's is my go-to for a quick bite! 🚀 Tried the new McSpicy, and wow! 😍 Fries are crispy, but would love more veg options. 5/5 stars 👍""",mcdonalds my goto quick bite tried new mcspicy wow fries crispy but would love more veg options stars,Positive,18
McDonald's Madurai,Dinesh Kumar,1,6 months ago,Customer service very worst...I order bucket chicken but chicken smell very bad I need ask the manager change tha product then manager attitude very worst..no change product i loose money ..i will not reapt again McDonald's...I sure refer friend and family only KFC... McDonald's management please check in our shop.... U loose customer in future,customer service very worsti order bucket chicken but chicken smell very bad i need ask manager change tha product then manager attitude very worstno change product i loose money i will not reapt again mcdonaldsi sure refer friend family only kfc mcdonalds management please check our shop u loose customer future,Negative,51
McDonald's Madurai,Vijayakumar M,1,11 months ago,"Worst ever fried chicken in my life i had…decomposed chicken

At the time of my visit 4 to 5 kids had the same chicken.

Plzz be loyal to the customer and your earnings @mcdonalds Madurai",worst ever fried chicken my life i haddecomposed chicken time my visit kids had same chicken plzz be loyal customer your earnings mcdonalds madurai,Negative,24
McDonald's Madurai,Pm PrAkAsH,5,4 months ago,They offered the very good service. Especially Rajeshwari was provided the good customer service ..And Taste was so good,they offered very good service especially rajeshwari provided good customer service taste so good,Positive,14
McDonald's Madurai,Sunder Raman Gopaal,2,a year ago,It is surprise to see a McDonald's outlet which is opened less than a month has multiple hygiene & food issues. Place is untidy and they don't have cold drinks claiming they have refrigerator issues.,surprise see mcdonalds outlet which opened less than month has multiple hygiene food issues place untidy they dont have cold drinks claiming they have refrigerator issues,Negative,26
McDonald's Madurai,Mageswaran V,5,8 months ago,"Staff Durga did a fantastic service, nice ambience....",staff durga did fantastic service nice ambience,Positive,7
McDonald's Madurai,Mike Holmes,3,3 months ago,"I can’t review without placing stars - please ignore this rating.  I wanted to advise that McDonald’s hasn’t correctly located itself on google maps so I walked around for a long time and failed to find it - see picture for correct location!!!!!

McDonald’s maybe update your location!!!",i cant review without placing stars please ignore rating i wanted advise mcdonalds hasnt correctly located itself google maps so i walked around long time failed find see picture correct location mcdonalds maybe update your location,Neutral,36
McDonald's Madurai,Amalan Stallone,5,a year ago,"I'm Lovin' It, At last McDonald's in Madurai. Love the atmosphere, Service is excellent, there are lots of staffs working, so you get your order quick even in crowd packed times.",im lovin last mcdonalds madurai love atmosphere service excellent there lots staffs working so you get your order quick even crowd packed times,Positive,23
McDonald's Madurai,Nithish R,2,11 months ago,I have ordered oreo frappie  for 264rs no whipped cream is added instead i can drink road oreo milk shake for 90rs  worst experience need to change the atmosphere for cafe properly.,i have ordered oreo frappie rs no whipped cream added instead i can drink road oreo milk shake rs worst experience need change atmosphere cafe properly,Negative,26
McDonald's Madurai,sumit Jamre,1,8 months ago,"Ordered twice online from this McDonald's outlet and both times received extremely watered-down cold coffee. It was overloaded with 15–20 ice cubes, making it taste like plain iced water. Definitely not the quality you'd expect from McDonald's. Disappointed that the issue repeated despite giving it another chance. Needs serious improvement in drink preparation. Not ordering beverages from here again.",ordered twice online from mcdonalds outlet both times received extremely watereddown cold coffee overloaded ice cubes making taste like plain iced water definitely not quality youd expect from mcdonalds disappointed issue repeated despite giving another chance needs serious improvement drink preparation not ordering beverages from here again,Negative,47
McDonald's Madurai,Suja T,2,4 months ago,Vegetarian options were very limited and food taste was average. Expensive compared to the size and quality of food.,vegetarian options were very limited food taste average expensive compared size quality food,Negative,13
McDonald's Madurai,palani visalakshi,3,6 months ago,"Ordered spicy chicken fries,chicken burger & Oreo sundae .As we expected, the food was not tasty. The mayo had a  chemical taste and didn’t taste good. Really disappointed with the taste.",ordered spicy chicken frieschicken burger oreo sundae as we expected food not tasty mayo had chemical taste didnt taste good really disappointed taste,Neutral,23
McDonald's Madurai,Venkadesh,5,a year ago,"Sowmya
Good atmosphere and service very nice",sowmya good atmosphere service very nice,Positive,6
McDonald's Madurai,veera shekar,5,6 months ago,Spent a quality time with my family had an beautiful experience at mcD madurai ambiance was perfect and specially the staff was amazing feels very humble,spent quality time my family had beautiful experience mcd madurai ambiance perfect specially staff amazing feels very humble,Positive,18
McDonald's Madurai,Ajith kumar,1,9 months ago,fried chicken is really very worst…. Some bad smell in fried chicken,fried chicken really very worst some bad smell fried chicken,Negative,10
McDonald's Madurai,Shanmugaraj Rajasekar,4,a year ago,"Little bit costlier. Tried burger , nuggets and cold coffee. Everything is good. In Cold coffee ice cubes to be reduced and quantity of coffee is less. Can try once.",little bit costlier tried burger nuggets cold coffee everything good cold coffee ice cubes be reduced quantity coffee less can try once,Positive,22
McDonald's Madurai,SRUTHI,1,4 months ago,The Parking Guy didn’t let our car park specifically but let other cars park and when we looked at him he was like “Huh?😐” Rudely. Bad Experience,parking guy didnt let our car park specifically but let other cars park when we looked him he like huh rudely bad experience,Negative,23
McDonald's Madurai,Madhan R,3,5 months ago,"The wait time is quite high, and due to the large number of orders, employees seem confused, resulting in chaotic delivery. The food taste is average.",wait time quite high due large number orders employees seem confused resulting chaotic delivery food taste average,Neutral,17
McDonald's Madurai,Ezra Jk,4,5 months ago,Foods are top notch but the service is not up to the level. Using phones and chit chatting with the fellow employees always.,foods top notch but service not up level using phones chit chatting fellow employees always,Positive,15
McDonald's Madurai,rahman khan,1,4 months ago,"No Aircon
All tables are not clean",no aircon all tables not clean,Negative,6
McDonald's Madurai,arunachala ramanan,1,a year ago,Such a worst McDonald's outlet in madurai. Nothing is maintained. At peak friday evening there is not stock on chicken fries. Electricity maintainance is not there. Coke machine is repaired. Very bad .,such worst mcdonalds outlet madurai nothing maintained peak friday evening there not stock chicken fries electricity maintainance not there coke machine repaired very bad,Negative,24
McDonald's Madurai,bala ramalingam,5,a year ago,Nice and quite place for a meal. GEL sowmiya was very customer friendly and attentive.,nice quite place meal gel sowmiya very customer friendly attentive,Positive,10
McDonald's Madurai,Mohamed afik,1,4 months ago,"McDonald’s outlet described their fried chicken and wings as the worst fried chicken and fried wings experience” — the inside was dry and didn’t seem fresh, and the outside felt like paper inside flesh was so blood stains in chicken it was around 1200 waste of money and more disappointment !!!!",mcdonalds outlet described their fried chicken wings as worst fried chicken fried wings experience inside dry didnt seem fresh outside felt like paper inside flesh so blood stains chicken around waste money more disappointment,Negative,34
McDonald's Madurai,Ananya Tripathi,5,4 months ago,Best mcd in tamil nadu. Service is good and staff is brilliant,best mcd tamil nadu service good staff brilliant,Positive,8
McDonald's Madurai,VIKRAM V,3,9 months ago,Food was average but we have to wait for more time if you come on weekends. .,food average but we have wait more time if you come weekends,Neutral,12
McDonald's Madurai,Yuvaraja P,5,a year ago,Atmosphere was good.. taste good. Price was also ok. Good place to spend some time with family specially kids.,atmosphere good taste good price also ok good place spend some time family specially kids,Positive,15
McDonald's Madurai,Naga nathan,3,9 months ago,"The food at this foreign corporate restaurant was truly impressive—hot, spicy, crispy on the outside, soft inside, and incredibly fresh. Everything tasted great and lived up to expectations. However, it's important to note that there’s no enough cooling on the ground floor, which made the seating there a bit uncomfortable.",food foreign corporate restaurant truly impressivehot spicy crispy outside soft inside incredibly fresh everything tasted great lived up expectations however its important note theres no enough cooling ground floor which made seating there bit uncomfortable,Neutral,35
McDonald's Madurai,KARTHIK MOHANDOSS,4,8 months ago,"“I felt that something was missing in the taste of the food. Since it was a sunny day, the temperature inside could have been maintained better for a more comfortable dining experience.”",i felt something missing taste food since sunny day temperature inside could have been maintained better more comfortable dining experience,Positive,20
McDonald's Madurai,PRINCE ABRAHAM,5,a year ago,"Staff service has been good. They have on their toes. Even during heavy rush hours they have been polite and attended to our need. I would like to appreciate Mr. Venkatesh for helping us in placing our order and timely serving.
Thumbs up to all other staff too.",staff service has been good they have their toes even during heavy rush hours they have been polite attended our need i would like appreciate mr venkatesh helping us placing our order timely serving thumbs up all other staff too,Positive,40
McDonald's Madurai,Keerthy Vihaan,1,3 months ago,Chicken was nt fresh very smelly and very salty....my 12 Yr son got stomach pain after eating Mcdonald chicken...strictly I will nt recommend Mcdonald....,chicken nt fresh very smelly very saltymy yr son got stomach pain after eating mcdonald chickenstrictly i will nt recommend mcdonald,Negative,21
McDonald's Madurai,sachin prassad,5,9 months ago,So Happy to know that an International level Burger Restaurant is in Mdu 💯😉 Really Enjoyed the taste of the Burger and found a lot of Varieties from Medium to Large Burgers  🍔 and the Desserts are always so Special in Mc Donald's 💯 Especially the Mississipi Mud Shake 👍 is a perfect Blended Shake 👍for a Summer 💯 Enjoyed my Lunch 😁 so happy cause had a very Good Meal ☺️.,so happy know international level burger restaurant mdu really enjoyed taste burger found lot varieties from medium large burgers desserts always so special mc donalds especially mississipi mud shake perfect blended shake summer enjoyed my lunch so happy cause had very good meal,Positive,43
McDonald's Madurai,NIRMAL,1,5 months ago,Worst ever McD in India i have ever been to ask the chicken is spoiled overcooked and highly irritating experience from staffs and service is at its worst people please don't waste your precious money here .,worst ever mcd india i have ever been ask chicken spoiled overcooked highly irritating experience from staffs service its worst people please dont waste your precious money here,Negative,28
McDonald's Madurai,Nagaraj Naga,5,4 months ago,Good food with excellent service.. really enjoyed the food,good food excellent service really enjoyed food,Positive,7
McDonald's Madurai,Siva Kumar,1,6 months ago,Not good as we expect . Food taste is bad . Smells like something different. Need to improve taste and quality,not good as we expect food taste bad smells like something different need improve taste quality,Negative,16
McDonald's Madurai,N G,1,4 months ago,Reheated or frozen for many months chicken,reheated frozen many months chicken,Negative,5
McDonald's Madurai,praba haran,1,9 months ago,"I ordered a burger and french fries from McDonald's through Swiggy today. Unfortunately, the food I received was not hot — the french fries were completely cold.
This was very disappointing, especially since it was late at night (around 11 PM) and I was very hungry. I expected fresh and warm food, but the quality was far below McDonald’s standards.
I also raised a complaint with Swiggy, but did not receive proper support or resolution.
I request you to please look into this matter and ensure better quality checks for future orders. I hope you can take steps to improve the delivery experience and address my concern appropriately.",i ordered burger french fries from mcdonalds through swiggy today unfortunately food i received not hot french fries were completely cold very disappointing especially since late night around pm i very hungry i expected fresh warm food but quality far below mcdonalds standards i also raised complaint swiggy but did not receive proper support resolution i request you please look into matter ensure better quality checks future orders i hope you can take steps improve delivery experience address my concern appropriately,Negative,81
McDonald's Madurai,Neathra,5,8 months ago,Good atmosphere &nice service for dirga,good atmosphere nice service dirga,Positive,5
McDonald's Madurai,Saravana Kumar,5,4 months ago,Good service for rajeshwari and more offers are subjection in rajeshwari,good service rajeshwari more offers subjection rajeshwari,Positive,7
McDonald's Madurai,Boopathi Raja kumar G,1,a year ago,"Had a very bad experience starting from parking, ordering, waiting, delivery at counter to the taste of food.  Poor management of crowd , looked like we have entered a vegetable market. Kiosk qty may be increased as we are not able to order at our convenience as people in line keep starring at you. Worst part is after order to collection of your order- Total mismanagement.  I waited for almost 45mins though the order was ready in 30min and my packing was kept in delivery counter. The staff managing delivery counter is horrible and didn't respond properly when asked about my order unaware of my parcel kept in their table. Regular cleaning of table not done. Need to insist on waiters two to three times.  Last part I thought food will be good, but it turns out to be most disappointing one with poor  taste, portion and insufficient amount of dips for main dish. Needs a lot and lot of improvement.
Pro: Easy to identify, plenty of parking space in bypass road",had very bad experience starting from parking ordering waiting delivery counter taste food poor management crowd looked like we have entered vegetable market kiosk qty may be increased as we not able order our convenience as people line keep starring you worst part after order collection your order total mismanagement i waited almost mins though order ready min my packing kept delivery counter staff managing delivery counter horrible didnt respond properly when asked about my order unaware my parcel kept their table regular cleaning table not done need insist waiters two three times last part i thought food will be good but turns out be most disappointing one poor taste portion insufficient amount dips main dish needs lot lot improvement pro easy identify plenty parking space bypass road,Negative,128
McDonald's Madurai,Parvauthan Mohnish,2,6 months ago,Mayonnaise is not taste good very very disappointment fried chickens are too large to eat can make it smaller with many pieces and that's look neat and comfy to eat,mayonnaise not taste good very very disappointment fried chickens too large eat can make smaller many pieces thats look neat comfy eat,Negative,22
McDonald's Madurai,Karuppan Marvar,1,10 months ago,"I recently visited the McDonald's outlet in Madurai and was quite disappointed with the service I received. One of the staff members wearing a greenshirt women interacted quite harshly, showing poor hospitality and attitude during my visit.

As a loyal customer, I believe McDonald's stands for friendly service and a welcoming experience, but this interaction felt far from that. I request that proper training or counselling be provided to ensure better guest service and improved staff behaviour in future.",i recently visited mcdonalds outlet madurai quite disappointed service i received one staff members wearing greenshirt women interacted quite harshly showing poor hospitality attitude during my visit as loyal customer i believe mcdonalds stands friendly service welcoming experience but interaction felt far from i request proper training counselling be provided ensure better guest service improved staff behaviour future,Negative,58
McDonald's Madurai,mp_gokul,5,a year ago,"I visited McDonald's today for the second time, and once again, I was warmly welcomed by the staff. I would like to specifically mention Akalya, whose assistance and guidance made the experience truly special. She treats every guest like a family member, making the visit feel even more welcoming. As for the food, the quality and taste were exactly as expected. Overall, a great experience!",i visited mcdonalds today second time once again i warmly welcomed by staff i would like specifically mention akalya whose assistance guidance made experience truly special she treats every guest like family member making visit feel even more welcoming as food quality taste were exactly as expected overall great experience,Positive,50
McDonald's Madurai,K. Abiya,5,6 months ago,"Customer service super (eswari)
Food quality super",customer service super eswari food quality super,Positive,7
McDonald's Madurai,Karthick Raja.S,1,5 months ago,"This McDonald's outlet is not even worth a single star rating, and it is the worst one I have ever visited. 🤢👎 #McDonalds #Outlet #Rating #Experience",mcdonalds outlet not even worth single star rating worst one i have ever visited mcdonalds outlet rating experience,Negative,18
McDonald's Madurai,Poovalagu S,5,8 months ago,Good service &good atmosphere for durga,good service good atmosphere durga,Positive,5
McDonald's Madurai,Shobanbabu D,1,8 months ago,"The service is very very worst, they forgot to give me the food I ordered, I have to ask it myself every time.
Comparing with Other outlets service is Total waste..",service very very worst they forgot give me food i ordered i have ask myself every time comparing other outlets service total waste,Negative,23
McDonald's Madurai,rajesh kannan,4,5 months ago,"Chicken was good and tasty
Mc d provide a charging port was helpfully to charge my phone",chicken good tasty mc d provide charging port helpfully charge my phone,Positive,12
McDonald's Madurai,abubakkar sithik,5,3 months ago,"Good service,ms. rajeshwari was friendly",good servicems rajeshwari friendly,Positive,4
McDonald's Madurai,Nishinth A (Nishi),4,Edited 6 months ago,"McDonald's is finally in Madurai! The food is good and not oily. The quantity is also great for the price. Even though it was overcrowded, the hospitality was impressive and the order was prepared quickly. However, they missed two items in my order, which I had to point out. Even after that, one item was still left out. I couldn’t properly check the items since the place was overcrowded and there was nowhere to sit or verify the order. Luckily, I managed to find a parking spot in the underground lot for my car. However, the parking management needs improvement, bikes were parked in an unorganised manner, making it difficult to park my car.",mcdonalds finally madurai food good not oily quantity also great price even though overcrowded hospitality impressive order prepared quickly however they missed two items my order which i had point out even after one item still left out i couldnt properly check items since place overcrowded there nowhere sit verify order luckily i managed find parking spot underground lot my car however parking management needs improvement bikes were parked unorganised manner making difficult park my car,Positive,76
McDonald's Madurai,Shankar P,1,8 months ago,"Worst, dont buy anything in this restaurant",worst dont buy anything restaurant,Negative,5
McDonald's Madurai,Hema Varthini,5,6 months ago,"Food quality super, support customer
Service super",food quality super support customer service super,Positive,7
McDonald's Madurai,Dinesh SNY,5,9 months ago,Nice service for durga& good quality for food,nice service durga good quality food,Positive,6
McDonald's Madurai,Manshi,5,6 months ago,"Service is super 👌
Customer service super 👌
McDonald's food quality super",service super customer service super mcdonalds food quality super,Positive,9
McDonald's Madurai,antony rajan,5,7 months ago,Had a dinner at McDonald's Byepass Madurai. Received very good customer service especially from your executive Ms Rajeswari. 👌👌👍👍,had dinner mcdonalds byepass madurai received very good customer service especially from your executive ms rajeswari,Positive,16
McDonald's Madurai,uthirstan.v uthirstan.v,1,11 months ago,Very bad.      Rate  much higher.,very bad rate much higher,Negative,5
McDonald's Madurai,Gurunathan Manihandan,5,10 months ago,"Nice service , good ambience, well maintained restrooms good place to hang out ..
Durga helped us ordering in sok so kind of her",nice service good ambience well maintained restrooms good place hang out durga helped us ordering sok so kind her,Positive,19
McDonald's Madurai,Guru Moorthy,5,6 months ago,It's even better when wash rooms and wash basins kept in both floors,its even better when wash rooms wash basins kept both floors,Positive,11
McDonald's Madurai,Siv Ram,1,a year ago,"French Fries served here are very cold. Atmosphere inside was very hot due to lack of proper air conditioning. Place is overcrowded and wait for long time to get food delivered. Try it once yourself and feel my restaurant experience. Overall, visit this place with zero expectation and it’s a one time try food chain. Needs improvement to sustain in long run.",french fries served here very cold atmosphere inside very hot due lack proper air conditioning place overcrowded wait long time get food delivered try once yourself feel my restaurant experience overall visit place zero expectation its one time try food chain needs improvement sustain long run,Negative,46
McDonald's Madurai,Sakthi L,5,a year ago,"Today is opening day. Too much crowd due to first day :) I could spot 100+ people and then decided to take away instead of dine-in.

Delivery order experience is awesome and fast inspite of crowd. I've ordered McCheese and Mcspicy veg / fries. Order is ready within 15 minutes.

All of the items are marvellous. Especially the paddy of the burger tastes same as how it tasted in Vega mall bangalore. McD maintains same quality and taste in all retail - hats off to their process.

Definitely would be #1 in Madurai for its taste. The nearby K*C should improve  to compete with this giant. Let us wish McD takes the bar very high so that all other vendors improve as well.

While I'm liking McD first branch in Madurai, it is very sad to see that all of the road-side shops in bye-pass road SS colony/kalavasal were taken down by corporation due to complaints of nuisance. I loved the street food in this stretch than corporate foods. I miss my kalan / masala poori vendor near Nach for sure. Let us bring them back as well without causing much disturbance to public.",today opening day too much crowd due first day i could spot people then decided take away instead dinein delivery order experience awesome fast inspite crowd ive ordered mccheese mcspicy veg fries order ready within minutes all items marvellous especially paddy burger tastes same as how tasted vega mall bangalore mcd maintains same quality taste all retail hats off their process definitely would be madurai its taste nearby kc should improve compete giant let us wish mcd takes bar very high so all other vendors improve as well while im liking mcd first branch madurai very sad see all roadside shops byepass road ss colonykalavasal were taken down by corporation due complaints nuisance i loved street food stretch than corporate foods i miss my kalan masala poori vendor near nach sure let us bring them back as well without causing much disturbance public,Positive,143
McDonald's Madurai,Yasir Riz,4,8 months ago,"McDonald's on By-Pass Road in Madurai opened at the right time. People in Madurai were getting tired of the undercooked and greasy chicken from KFC. The offerings at McDonald's are refreshing and diverse. I would say the burgers really hit the spot. The cheese fries could use a little more flavor. My favorite, the McCafe ice cream, was excellent. However, the place felt a bit congested, and it almost seemed like someone was always watching you.",mcdonalds bypass road madurai opened right time people madurai were getting tired undercooked greasy chicken from kfc offerings mcdonalds refreshing diverse i would say burgers really hit spot cheese fries could use little more flavor my favorite mccafe ice cream excellent however place felt bit congested almost seemed like someone always watching you,Positive,53
McDonald's Madurai,Joshua,5,5 months ago,Service was really good food also tasted good,service really good food also tasted good,Positive,7
McDonald's Madurai,Palaniappan Ramanathan,2,a year ago,"Price of Mango flavoured items are not explicitly mentioned creating confusion. Billing is a big hassle - upi not working, or need exact change in cash. Supervisor/Manager is indifferent to such problems. Came out without getting anything",price mango flavoured items not explicitly mentioned creating confusion billing big hassle upi not working need exact change cash supervisormanager indifferent such problems came out without getting anything,Negative,28
McDonald's Madurai,Ram Kumar,5,8 months ago,Super food & nice atmosphere service is good for durga,super food nice atmosphere service good durga,Positive,7
McDonald's Madurai,Viji Reddy,5,8 months ago,They fairly serve gud service @ this location.My favourite is Mcswirl🍦such a creamy Dessert👍.,they fairly serve gud service locationmy favourite mcswirlsuch creamy dessert,Positive,10
McDonald's Madurai,r ramesh ramani,1,6 months ago,There no ac or ventilation upto 10:00am and service need to be improved,there no ac ventilation upto am service need be improved,Negative,10
McDonald's Madurai,Manimurugu Pandian,1,a year ago,Most of the time the kiosk card machine will not work you have to run between machines to machines I tried in 3 machine and then the last worked.i also highlighted the same to the staff .if you order any  extra sauce  or millet bun they will say it’s not there faced the same experience twice The chocolate shake was good initially when the outlet was opened when I went for the second time it tasted worst. Overall the quality  got degraded slowly .  Food quality and kiosks services have to to be improved a lot.,most time kiosk card machine will not work you have run between machines machines i tried machine then last workedi also highlighted same staff if you order any extra sauce millet bun they will say its not there faced same experience twice chocolate shake good initially when outlet opened when i went second time tasted worst overall quality got degraded slowly food quality kiosks services have be improved lot,Negative,69
McDonald's Madurai,VIGNESH KUMAR S,5,9 months ago,Nice food & good quality super service for durga,nice food good quality super service durga,Positive,7
McDonald's Madurai,John Yabase,5,5 months ago,"This is Jehiel
I like the food
Especially the burger
Thank you so much!!",jehiel i like food especially burger thank you so much,Positive,10
McDonald's Madurai,arun kumar,2,9 months ago,"I thought something different in burger but nothing only name think so, I have tried lot burger shop they are good over crowd Billing slow mostly server issue so they bill slowly ok to try one time",i thought something different burger but nothing only name think so i have tried lot burger shop they good over crowd billing slow mostly server issue so they bill slowly ok try one time,Negative,34
McDonald's Madurai,Sharumathi Uvarasakumar,1,9 months ago,"Had very worst Fried Chicken, even in small shop they are giving fresh chicken, even it's a very big brand still not providing fresh chicken I had stomach ache till now after a eating single piece of FC , I am not suggesting for kids it may leads to serious cation",had very worst fried chicken even small shop they giving fresh chicken even its very big brand still not providing fresh chicken i had stomach ache till now after eating single piece fc i am not suggesting kids may leads serious cation,Negative,42
McDonald's Madurai,Sathish Kumar,1,8 months ago,"I ordered a chicken burger as takeaway, but when I opened it at home, I was very disappointed. The burger was not heated, and the cheese wasn’t even melted. Overall, a very bad experience and not worth the money.",i ordered chicken burger as takeaway but when i opened home i very disappointed burger not heated cheese wasnt even melted overall very bad experience not worth money,Negative,28
McDonald's Madurai,James Dennyson,5,a year ago,Nice Place. Good Food. Great Hospitality. We were attended by Ms.Akalya. She was so Patient and assisted us in explaining the wide range of Food available here. Overall had a Great Experience at Mc D Madurai. Thank you…,nice place good food great hospitality we were attended by msakalya she so patient assisted us explaining wide range food available here overall had great experience mc d madurai thank you,Positive,31
McDonald's Madurai,Raja Vel,5,8 months ago,Good atmosphere & nice service for durga,good atmosphere nice service durga,Positive,5
McDonald's Madurai,Franklin,2,11 months ago,"If you prefer McDonald's for its quality of service and atmosphere, please avoid this branch. There was 1 split AC for the whole upper floor due to repair issue. That particular floor was hot and humid. They provide your order partially and give the remaining item after you are done with your meal. The lower floor with its order desk was like a local bazaar without any proper order to the place.

The only McDonald's in madurai shows the pathetic Indian way of service delivery once again. This shows the promise of global standards even by such a reputed brand faces such a daunting challenge in the Indian business ecosystem.

Again, I am saying it's not only the food that matters, but the service delivery and customer experience. Don't prefer it if you have any sort of McDonald's experience in other regions like the Middle East. It's not worth the hassle.

PS (to whomever it may concern) - I have already shared my feedback through the link I received with the SMS for the order. Also I have clearly stated my complaints in this message. Let’s see what improves. I won’t come again to this branch, but we will know of any improvement from future reviews here.",if you prefer mcdonalds its quality service atmosphere please avoid branch there split ac whole upper floor due repair issue particular floor hot humid they provide your order partially give remaining item after you done your meal lower floor its order desk like local bazaar without any proper order place only mcdonalds madurai shows pathetic indian way service delivery once again shows promise global standards even by such reputed brand faces such daunting challenge indian business ecosystem again i am saying its not only food matters but service delivery customer experience dont prefer if you have any sort mcdonalds experience other regions like middle east its not worth hassle ps whomever may concern i have already shared my feedback through link i received sms order also i have clearly stated my complaints message lets see what improves i wont come again branch but we will know any improvement from future reviews here,Negative,152
McDonald's Madurai,Sathiyan Sasi,5,9 months ago,Super service for durga very good very nice,super service durga very good very nice,Positive,7
McDonald's Madurai,Jeevapriya Ravanan,5,4 months ago,Excellent atmosphere and food also good,excellent atmosphere food also good,Positive,5
Pizza Hut Madurai,24SUCS125 MANIKANDAN M,5,3 months ago,"Overall, my experience at Pizza Hut was very enjoyable and satisfying.
The food quality was excellent, especially the pizzas which were fresh and flavorful.
The restaurant was clean, comfortable, and well-maintained.
Facilities like parking, accessibility, and family seating made the visit convenient.
It is a great place to dine with friends and family, and I would happily visit again.",overall my experience pizza hut very enjoyable satisfying food quality excellent especially pizzas which were fresh flavorful restaurant clean comfortable wellmaintained facilities like parking accessibility family seating made visit convenient great place dine friends family i would happily visit again,Positive,40
Pizza Hut Madurai,Abhinav Sundar,1,3 months ago,"The worst Pizza Hut location I've been to.

Food: Cheese used in the cheese crust and bread sticks tastes like chemicals, like American cheese whiz.

Service: Only one out of the 7 staff they had working had a glove on...yes...only one glove on one hand. Hygiene is just an afterthought. Hair nets are not a thing. I saw an employee whip his nose with his bare hands and then go to back to work like nothing happened, multiple times.

Atmosphere: The main customer for this Pizza Hut is bugs and mosquitoes. In response to my complaint for being bit 8 times in 5 minutes, they used a zap-racket and zapped the mosquitoes...right onto the tables. Did they clean the mosquito carcasses off of the tables or floor? Of course not...why would they??

Overall: Report this location to Pizza Hut and Indian Food Safety Regulatory Organizations.",worst pizza hut location ive been food cheese used cheese crust bread sticks tastes like chemicals like american cheese whiz service only one out staff they had working had glove onyesonly one glove one hand hygiene just afterthought hair nets not thing i saw employee whip his nose his bare hands then go back work like nothing happened multiple times atmosphere main customer pizza hut bugs mosquitoes response my complaint being bit times minutes they used zapracket zapped mosquitoesright onto tables did they clean mosquito carcasses off tables floor course notwhy would they overall report location pizza hut indian food safety regulatory organizations,Negative,103
Pizza Hut Madurai,Anusha Rathi,3,6 months ago,"I recently visited Pizza Hut, and the experience was disappointing. The air conditioner was not turned on, even though I requested the staff to switch it on. It was quite uncomfortable to sit and eat in the heat. I expected better service and a more comfortable dining environment from a brand like Pizza Hut. Hope the management takes this feedback seriously and ensures customers have a pleasant experience in the future.",i recently visited pizza hut experience disappointing air conditioner not turned even though i requested staff switch quite uncomfortable sit eat heat i expected better service more comfortable dining environment from brand like pizza hut hope management takes feedback seriously ensures customers have pleasant experience future,Neutral,46
Pizza Hut Madurai,Santa Mukherjee,5,4 months ago,The outlet is very good & well maintained. However food must be improved in preparation. Service also good.,outlet very good well maintained however food must be improved preparation service also good,Positive,14
Pizza Hut Madurai,25SUCS131 OM PRAKASH S,5,2 months ago,Very nice and tasty also l like it your pizza and spicy also,very nice tasty also l like your pizza spicy also,Positive,10
Pizza Hut Madurai,Surya Prakash,5,2 months ago,Very super l like 4 corse meal like fantastic pizza,very super l like corse meal like fantastic pizza,Positive,9
Pizza Hut Madurai,Mady Dharun,5,2 months ago,I like panner pizza and spicy also tasty also very super 👍🏻,i like panner pizza spicy also tasty also very super,Positive,10
Pizza Hut Madurai,Kaviyarasu 1908,5,2 months ago,I like pizza and spicy and  tasty also very good 👍,i like pizza spicy tasty also very good,Positive,8
Pizza Hut Madurai,25SUCS125 KUBENDRAN B G,5,2 months ago,I like pizza and spicy and tasty also ood service also,i like pizza spicy tasty also ood service also,Positive,9
Pizza Hut Madurai,Muruganantha Raja,5,3 months ago,Very nice one plus pitza cheese corn kids like very much,very nice one plus pitza cheese corn kids like very much,Positive,11
Pizza Hut Madurai,KUBENDRAN,5,3 months ago,"I like  pizza and very spicy also
L like dinning serve person",i like pizza very spicy also l like dinning serve person,Positive,11
Pizza Hut Madurai,Saravana kumar Rajakely,5,4 months ago,"Had lunch here, Paneer Tandoori pizza set. Was something different. These ladies provided very good service. Note: hope they could keep the handwash area clean.",had lunch here paneer tandoori pizza set something different these ladies provided very good service note hope they could keep handwash area clean,Positive,23
Pizza Hut Madurai,Sanjay Balaji R,5,2 months ago,Excellent customer service and good,excellent customer service good,Positive,4
Pizza Hut Madurai,jeba priya,5,5 months ago,It's a very nice experience I ever had.Taste is great.Customer service is excellent.,its very nice experience i ever hadtaste greatcustomer service excellent,Positive,10
Pizza Hut Madurai,Shrinidhi Perumal,5,11 months ago,We ordered pizza on the app. The order placement was user friendly. The delivery was made on time. The quantity of the pizza was good. It was really tasty and flavourful. The crest was soft. The packaging was good.,we ordered pizza app order placement user friendly delivery made time quantity pizza good really tasty flavourful crest soft packaging good,Positive,21
Pizza Hut Madurai,Anbu Anbu,5,2 months ago,Very nice foof with combo,very nice foof combo,Positive,4
Pizza Hut Madurai,Sibin Thomas,4,11 months ago,"The place is too hot, the AC does not seems to be working,the ordering counter is filled with swiggy,zomato persons making it impossible to make an order and the staff is least bothered.
Talking about the food i had to wait more than 40 mins to get the food and when it came it was burned but the fries and pepsi were awesome.
There is always a good dine in experience in pizza hut all over the world bit not here",place too hot ac does not seems be workingthe ordering counter filled swiggyzomato persons making impossible make order staff least bothered talking about food i had wait more than mins get food when came burned but fries pepsi were awesome there always good dine experience pizza hut all over world bit not here,Positive,53
Pizza Hut Madurai,Manivasagam E,5,3 years ago,"Ambience is great and cool. The space is wider to accommodate 30 people. Multiple Offers are available with many combinations. Shop staffs are responsive, quick and helping to serve our food properly. Parking is facilitated. Cost is medium if you go for offer available items.Taste is yummy and good. Must try place in Madurai . Cash and digital payments ate accepted.",ambience great cool space wider accommodate people multiple offers available many combinations shop staffs responsive quick helping serve our food properly parking facilitated cost medium if you go offer available itemstaste yummy good must try place madurai cash digital payments ate accepted,Positive,42
Pizza Hut Madurai,Saravana Raj,5,3 years ago,"Good place for pizza in Madurai. Located close to Domino's and priced less than Domino's across their menu range. Dine in may have less tables.

My card didn't work when the billing counter staff tried swiping it, due to some network issue but still she went ahead and asked us to dine and complete the payment later. That was quite customer friendly. Staffs were friendly a d readily available to any requests.

Our pizza's arrived really quick and was very tasty. A very different kind of flavour. Ketchup was on the table and we could use it liberally.",good place pizza madurai located close dominos priced less than dominos across their menu range dine may have less tables my card didnt work when billing counter staff tried swiping due some network issue but still she went ahead asked us dine complete payment later quite customer friendly staffs were friendly d readily available any requests our pizzas arrived really quick very tasty very different kind flavour ketchup table we could use liberally,Positive,73
Pizza Hut Madurai,Manikandan.R,5,6 months ago,"The service at Pizza Hut was excellent. The staff were very friendly, polite, and helpful. They provided quick service with a smile, and my order arrived on time. The food tasted great as well. My favorite is the Royal Chicken Spice Pizza, and it was perfect. Overall, I had a very good experience. Thank you to the team 🤩👍...",service pizza hut excellent staff were very friendly polite helpful they provided quick service smile my order arrived time food tasted great as well my favorite royal chicken spice pizza perfect overall i had very good experience thank you team,Positive,40
Pizza Hut Madurai,Aniruthan OS,4,4 months ago,"The place is well maintained and good, the food was as usual okok-good, i personally don't like pizza hut very much. But they had all the things given on menu, tell you all the offers. Nothing much to say particularly for this branch, another pizza hut...",place well maintained good food as usual okokgood i personally dont like pizza hut very much but they had all things given menu tell you all offers nothing much say particularly branch another pizza hut,Positive,35
Pizza Hut Madurai,Vinoth Kumar,5,2 months ago,L like non veg pizza  in chicken superme 👌,l like non veg pizza chicken superme,Positive,7
Pizza Hut Madurai,Suriya Prakash,5,3 months ago,Excellent service and good,excellent service good,Positive,3
Pizza Hut Madurai,Pugazhendhi V,5,6 months ago,"I just came to here the amazing pizza shop, Pizza Hut. The people's who here to serve the service and food, very humble talk with nice conversation builders. And the food is very attractive presentation and taste is too good. Delicious and mouth watering taste and chewingness. Kindly visit this place I highly preferable. Thanks for the services, kudos.",i just came here amazing pizza shop pizza hut peoples who here serve service food very humble talk nice conversation builders food very attractive presentation taste too good delicious mouth watering taste chewingness kindly visit place i highly preferable thanks services kudos,Positive,42
Pizza Hut Madurai,dalli viswatej,4,3 years ago,"This place has a very good ambiance but i felt this place was very congested due to the seating arrangement.

But i loved the place and the staff are really very helpful and very informative

They are maintaining it very well...!!!

It has a bike parking place for up to 10 bikes and probably 3 cars can be parked in front of the gate.

This place was open till 10:30.

Only con which i have is i felt the seating arrangement was little congested.",place has very good ambiance but i felt place very congested due seating arrangement but i loved place staff really very helpful very informative they maintaining very well has bike parking place up bikes probably cars can be parked front gate place open till only con which i have i felt seating arrangement little congested,Positive,55
Pizza Hut Madurai,Aswin Suresh,4,a year ago,"Pizza 🍕 was really fresh & taste was good 👍 ❤️

Service & Ambience was good 👍

In any small or medium pizza 🍕 do try their cheesy crust it will too good 💥❤️",pizza really fresh taste good service ambience good any small medium pizza do try their cheesy crust will too good,Positive,20
Pizza Hut Madurai,JAWA KUMAR,4,10 months ago,Good ambiance.  Clean well maintained.  Lots of varieties to choose from.,good ambiance clean well maintained lots varieties choose from,Positive,9
Pizza Hut Madurai,Umasankar Balasundaram,4,3 years ago,Pizzas are good. The waiting time is too much. They concentrate only with online orders not to dinning. They not even clean the dinning areas even we request too many times. Overall experience is satisfactory. Need to improve in Customer service.,pizzas good waiting time too much they concentrate only online orders not dinning they not even clean dinning areas even we request too many times overall experience satisfactory need improve customer service,Positive,32
Pizza Hut Madurai,STR Stalin,5,2 months ago,Very Excellent 👌,very excellent,Positive,2
Pizza Hut Madurai,A K,4,2 years ago,"A typical Pizzahut outlet, flavour is nothing spectacular, and there is little room for dining. The staff's insistence that diners take an online survey while they are eating irritates me.",typical pizzahut outlet flavour nothing spectacular there little room dining staffs insistence diners take online survey while they eating irritates me,Positive,21
Pizza Hut Madurai,Poovizhiraja Sathasivam,5,10 months ago,Nize taste but Saturday it take 30 mins to deliver and the table was not cleaned better take away is best,nize taste but saturday take mins deliver table not cleaned better take away best,Positive,14
Pizza Hut Madurai,rajesh radhakrishnan,1,6 months ago,"Not recommended to place order in online or app. They will not deliver the food even though the payment is done.

I placed online order for rs 460 (money get debited from my account) and was waiting for order to receive more than one hour then when I check the app to track the order it shows no order placed.

Finally I called the cs support team they just answer even though money get debited from your account the order is not placed.

What kind of business you are running?

You just steal customer money and time.",not recommended place order online app they will not deliver food even though payment done i placed online order rs money get debited from my account waiting order receive more than one hour then when i check app track order shows no order placed finally i called cs support team they just answer even though money get debited from your account order not placed what kind business you running you just steal customer money time,Negative,75
Pizza Hut Madurai,Prathosh,5,4 months ago,Very nice combo,very nice combo,Positive,3
Pizza Hut Madurai,Shrreya Makesh,5,6 months ago,The ambiance was nice. The staff devi was very friendly and served with happy face. Overall very good. Would recommend 10/10.,ambiance nice staff devi very friendly served happy face overall very good would recommend,Positive,14
Pizza Hut Madurai,sandhya ranganathan,1,6 months ago,"Very disappointing experience. The place had a lot of mosquitoes, it was extremely hot, and even the AC wasn’t working. The hospitality was also very poor. Overall, a very bad experience.",very disappointing experience place had lot mosquitoes extremely hot even ac wasnt working hospitality also very poor overall very bad experience,Negative,21
Pizza Hut Madurai,Nargis Aashifa,4,3 years ago,"This is the first branch in madurai. The restaurant was small and cosy, they have started it just now so they have some alterations to do based on sitting.They serve pizza, pasta, momos, mojito's, ice creams, volcano cake. The pizza crust served are crunchy and soft, with added veggies or non veg. It was delicious. I liked veg feast pizza and chicken meat balls(it was lightly salty) pizza. The mojito's and volcano cakes were unique. The jamun mojito, chicken meat balls pizza and cheesy momos are the higlight here.(also my favourite)",first branch madurai restaurant small cosy they have started just now so they have some alterations do based sittingthey serve pizza pasta momos mojitos ice creams volcano cake pizza crust served crunchy soft added veggies non veg delicious i liked veg feast pizza chicken meat ballsit lightly salty pizza mojitos volcano cakes were unique jamun mojito chicken meat balls pizza cheesy momos higlight herealso my favourite,Positive,66
Pizza Hut Madurai,Kavitha Srimathi,5,3 months ago,Very good services,very good services,Positive,3
Pizza Hut Madurai,Antony Pon Jenifer,4,3 years ago,"Wow and wonderful taste of hot pan pizza 🍕, enjoyed for my daughter’s birthday celebration 🥳 nice ambiance, good parking, and all other facilities 👌",wow wonderful taste hot pan pizza enjoyed my daughters birthday celebration nice ambiance good parking all other facilities,Positive,18
Pizza Hut Madurai,Dr.Ghalia Mohideen,5,2 years ago,"We had a great time here.
Fresh pizza and Amazing taste.",we had great time here fresh pizza amazing taste,Positive,9
Pizza Hut Madurai,Ryan Yogi,5,5 months ago,By one get three offer very nice,by one get three offer very nice,Positive,7
Pizza Hut Madurai,ratchaga raja,5,5 months ago,Food was good,food good,Positive,2
Pizza Hut Madurai,Muthu,5,5 months ago,Realy amazing experience great one,realy amazing experience great one,Positive,5
Pizza Hut Madurai,SK,5,2 years ago,"It’s an excellent place to have Pizzas in Madurai. We had Tandoori Pizza, Margarita, Pasta , Garlic bread sticks and fries. All these items were delicious and served hot. The staff were very friendly and supportive.",its excellent place have pizzas madurai we had tandoori pizza margarita pasta garlic bread sticks fries all these items were delicious served hot staff were very friendly supportive,Positive,28
Pizza Hut Madurai,Parthasarathy Ram,1,a year ago,Ordered Pizza using a swiggy app. Pizza delivered with water soaked... Worst taste.. When I try to convey Pizza Hut they said it's not our direct order pls need to check Swiggy. Pls be responsible for your food...,ordered pizza using swiggy app pizza delivered water soaked worst taste when i try convey pizza hut they said its not our direct order pls need check swiggy pls be responsible your food,Negative,33
Pizza Hut Madurai,Manoj P,1,3 years ago,"Totally disappointed, they mentioned 239/- in menu but they collected me a 319/- there is no correct explanation and clear details why they get more money from me...if it is a tax I accept when they give a bill to me,but bill also not gave...very very worst stuffing...even though local bakery serves a good pizza... total disappointed, totally my money waste",totally disappointed they mentioned menu but they collected me there no correct explanation clear details why they get more money from meif tax i accept when they give bill mebut bill also not gavevery very worst stuffingeven though local bakery serves good pizza total disappointed totally my money waste,Negative,49
Pizza Hut Madurai,Ragul Gandhi Law,5,3 months ago,Excellent customer service,excellent customer service,Positive,3
Pizza Hut Madurai,Suresh Babu Kannappan,5,a year ago,"The service was wonderful and delivery was very fast. The ambiance was nice. We ordered a 1+1 combo, and my son was happy with the country feast pizza....",service wonderful delivery very fast ambiance nice we ordered combo my son happy country feast pizza,Positive,16
Pizza Hut Madurai,JayCee Bose,5,a year ago,"As a surprise the ambiance was so nice. Better than Domino's! The service was pleasant, the order was discussed and proceeded. In that enthu we ordered a lot which we had to pack finally! Nice place for a cozy brunch!",as surprise ambiance so nice better than dominos service pleasant order discussed proceeded enthu we ordered lot which we had pack finally nice place cozy brunch,Positive,26
Pizza Hut Madurai,Vignesh KK,5,Edited 2 years ago,"Good options available for tasty bites.
The main highlight for me is masala lemonade which makes a good companion for the pizza, pasta and other stuff.
waiting for the next sip to taste my cooler...",good options available tasty bites main highlight me masala lemonade which makes good companion pizza pasta other stuff waiting next sip taste my cooler,Positive,24
Pizza Hut Madurai,Jeba Refo,5,5 months ago,Nice ambience.. Service also Good.. Want to visit again..,nice ambience service also good want visit again,Positive,8
Pizza Hut Madurai,Dhanush Sai,3,2 years ago,"Been here twice in the past two months. The first time, ordered a Meal for one (Margherita Pizza, Cheese Garlic Bread, Drink) - tasted like your usual Pizza Hut but the Air Conditioning wasn't great.

The second time I visited, there wasn't any air conditioning (reason was power cut), then I ordered through the Pizza Hut app, payment went through but the order didn't get placed (spoke with customer care, they said it'll be refunded). Ordered again with COD and finally got the food (Margherita Pizza, Cheese Garlic Bread). Usual taste but the room temperature made it hard to eat peacefully in the hot summer afternoon.

All in all, can definitely do better. Thank you :')",been here twice past two months first time ordered meal one margherita pizza cheese garlic bread drink tasted like your usual pizza hut but air conditioning wasnt great second time i visited there wasnt any air conditioning reason power cut then i ordered through pizza hut app payment went through but order didnt get placed spoke customer care they said itll be refunded ordered again cod finally got food margherita pizza cheese garlic bread usual taste but room temperature made hard eat peacefully hot summer afternoon all all can definitely do better thank you,Neutral,94
Pizza Hut Madurai,Arun Candy,1,4 months ago,Very poor ambience. No maintenance. Full of mosquitos. Very delayed service.,very poor ambience no maintenance full mosquitos very delayed service,Negative,10
Pizza Hut Madurai,Priya Dharshini,5,2 years ago,Nice serves awesome food qualiti. And ...so nice,nice serves awesome food qualiti so nice,Positive,7
Pizza Hut Madurai,Vishwa Karthick,5,3 months ago,Very tasty and fantastic toping and vegetable more l like it,very tasty fantastic toping vegetable more l like,Positive,8
Pizza Hut Madurai,A. Hajarudheen,5,a year ago,Experience and tasty and good service quickly servuce,experience tasty good service quickly servuce,Positive,6
Pizza Hut Madurai,Mohamed Anas,1,5 months ago,"Food very good I always over word

Service and not in dining table not good

And very bad service

Kitchens not clear

Anybody is not come here",food very good i always over word service not dining table not good very bad service kitchens not clear anybody not come here,Negative,23
Pizza Hut Madurai,Prethiv Raj,5,6 months ago,Very good experience and good maintained,very good experience good maintained,Positive,5
Pizza Hut Madurai,Praveen Kumar,5,3 years ago,Tasty good .great ambiance. Best food ever.,tasty good great ambiance best food ever,Positive,7
Pizza Hut Madurai,Abu Thahir,5,2 months ago,Very good 👍🏻😊 food 😋🥝,very good food,Positive,3
Pizza Hut Madurai,Amarnath Thillai,4,3 years ago,"Had signature triple threat pizza taste is good, service can be a little faster.",had signature triple threat pizza taste good service can be little faster,Positive,12
Pizza Hut Madurai,Vijesh A,4,6 months ago,"It's a small place... And only Pizza hut in Madurai! They don't have any weekday meal, that was disappointing...",its small place only pizza hut madurai they dont have any weekday meal disappointing,Positive,14
Pizza Hut Madurai,arun david,5,a year ago,Good service  and atmosphere and ac always good,good service atmosphere ac always good,Positive,6
Pizza Hut Madurai,Karthi keyan,5,3 months ago,"Good food, excellent staff (Prakash, Mani).",good food excellent staff prakash mani,Positive,6
Pizza Hut Madurai,Sudalai Suresh,5,a year ago,Good experience  nice to serve,good experience nice serve,Positive,4
Pizza Hut Madurai,CRM Arjun Karthik,5,5 months ago,The pizza we had was fresh and served nice and hot. Overall we had a very good experience.,pizza we had fresh served nice hot overall we had very good experience,Positive,13
Pizza Hut Madurai,Rakesh,5,2 months ago,Good,good,Positive,1
Pizza Hut Madurai,Pearlin Tabitha,5,3 months ago,Nice personal one plus one chicken supreme very nice,nice personal one plus one chicken supreme very nice,Positive,9
Pizza Hut Madurai,Suresh Velsamy,5,4 months ago,Good combo by one get three and one plus one and 99 combo very nice,good combo by one get three one plus one combo very nice,Positive,12
Pizza Hut Madurai,bharath kumar,1,10 months ago,"Pizzas tastes good usually here. But today were went to order. After say (5-10 minutes), when approached the counter for ordering, the staff said he can’t take any more orders. And even if I order it’ll take more than 1 hour. I can understand that there can be too many orders to fulfil. But he could’ve said it when I enter. He saw me discussing the entire orders with my wife near the counter and said he can’t accept when I approached. Obviously I didn’t went to Pizza Hut for shaving.",pizzas tastes good usually here but today were went order after say minutes when approached counter ordering staff said he cant take any more orders even if i order itll take more than hour i can understand there can be too many orders fulfil but he couldve said when i enter he saw me discussing entire orders my wife near counter said he cant accept when i approached obviously i didnt went pizza hut shaving,Negative,75
Pizza Hut Madurai,prashanth chandar k.c.dinakaran,5,a year ago,Awesome stuffed crust maxxx bbq veg and makhani paneer personal pizza…so cheesy and so hot and yummy,awesome stuffed crust maxxx bbq veg makhani paneer personal pizzaso cheesy so hot yummy,Positive,14
Pizza Hut Madurai,RMKP 4199,5,5 months ago,"excellent, wow😋 i like foooood & excellent customer service she’s name devi…….",excellent wow i like foooood excellent customer service shes name devi,Positive,11
Pizza Hut Madurai,Gopinath R,1,2 years ago,I got my order delivered from here and I had mosquito in my garlic bread and the food was cold like ice cream even though it was an on time delivery in Zomato. This is a worst service and clear evidence on their hygiene issue,i got my order delivered from here i had mosquito my garlic bread food cold like ice cream even though time delivery zomato worst service clear evidence their hygiene issue,Negative,30
Pizza Hut Madurai,Aandi Thangaraja,1,4 months ago,Waste of money very worst service double the amount than online very  worst experience,waste money very worst service double amount than online very worst experience,Negative,12
Pizza Hut Madurai,Kriesh,1,3 years ago,"Worst place to get pizza in Madurai, I ordered form this place and everything was complete dry and over cooked literally burnt and no toppings were provided, and they forgot (ordered two different pizzas and only got one combo )to send the complete order and I had to chat with stupid customer support, trust me u can get better pizza in Madurai even at a small restaurant at cheaper price, u want something good don’t hesitate u can find dominos nearby just few buildings away, 🫡",worst place get pizza madurai i ordered form place everything complete dry over cooked literally burnt no toppings were provided they forgot ordered two different pizzas only got one combo send complete order i had chat stupid customer support trust me u can get better pizza madurai even small restaurant cheaper price u want something good dont hesitate u can find dominos nearby just few buildings away,Negative,67
Pizza Hut Madurai,Rafeek Ahamed,5,a year ago,Very Very good service and humble staff very friendly reasonable price highly recommended 👍👍👍,very very good service humble staff very friendly reasonable price highly recommended,Positive,12
Pizza Hut Madurai,Bharath . V,5,a year ago,Nice tasty piizza beter thrn experience,nice tasty piizza beter thrn experience,Positive,6
Pizza Hut Madurai,KarthickRaja2407,5,2 years ago,Lovable serves so pretty atmosphere good ..food quality nice serve excellent,lovable serves so pretty atmosphere good food quality nice serve excellent,Positive,11
Pizza Hut Madurai,sachin prassad,4,2 years ago,"Had a Try on the new Dhaba da Keema and was just totally on cause the Taste was just so Good 👍, and all the pizza's here have a good Taste especially the Mexican and American one's even Veg lovers will love it 💯 and the Baked Chicken wings is a very good Side to take on for a Slize of pizza 🍕.",had try new dhaba da keema just totally cause taste just so good all pizzas here have good taste especially mexican american ones even veg lovers will love baked chicken wings very good side take slize pizza,Positive,37
Pizza Hut Madurai,Muthu Mari,5,2 months ago,Good experience neat and well maintained,good experience neat well maintained,Positive,5
Pizza Hut Madurai,THALAPATHY MARAN,5,2 months ago,Really my fav one pizza hut good experience,really my fav one pizza hut good experience,Positive,8
Pizza Hut Madurai,mohamed suad,4,a year ago,"Had a great experience at Pizza Hut Madurai! The pizza and chicken wings were awesome—fresh, flavorful, and satisfying",had great experience pizza hut madurai pizza chicken wings were awesomefresh flavorful satisfying,Positive,13
Pizza Hut Madurai,Madhu,4,a year ago,Had lunch recently. Pizza was served in less than 10 mins with no compromise in taste. Loved it,had lunch recently pizza served less than mins no compromise taste loved,Positive,12
Pizza Hut Madurai,Mathi,5,2 years ago,Employee nice serves  and good quality pizza taste 😋 yummy,employee nice serves good quality pizza taste yummy,Positive,8
Pizza Hut Madurai,balaji hustler,1,3 years ago,"Just ordered chicken supreme via swigging,  just check ou the images, I lethality received just bread where are the toppings? It's thin as a paper",just ordered chicken supreme via swigging just check ou images i lethality received just bread where toppings its thin as paper,Negative,21
Pizza Hut Madurai,Santhosh Santhosh,5,3 years ago,great experiance . best pizza ever . good customer service and great ambiance. thanks pizza hut,great experiance best pizza ever good customer service great ambiance thanks pizza hut,Positive,13
Pizza Hut Madurai,Punitha Thangamani,1,11 months ago,"26.05.25 -tandoori pizza mac nd cheese-zomato...but instead of tandoori pizza i received an undercooked paneer-random size chopped capsicum -no onion-tangy oldcheese pizza ,i have tried pizzas in many pizzahut outlets but this is the worst of all,one piece had all the ingredients while the other one had none which shows the level interest of the person who made the pizza,and the taste,not to mention, its a nightmare...pasta was so stale,so sticky i wonder why/how...pizzahut has the best base but do not consider this outlet for that,its a total waste of money...vaitherichala iruku ... This gonna be the last time ordering from them 🙏🏻",tandoori pizza mac nd cheesezomatobut instead tandoori pizza i received undercooked paneerrandom size chopped capsicum no oniontangy oldcheese pizza i have tried pizzas many pizzahut outlets but worst allone piece had all ingredients while other one had none which shows level interest person who made pizzaand tastenot mention its nightmarepasta so staleso sticky i wonder whyhowpizzahut has best base but do not consider outlet thatits total waste moneyvaitherichala iruku gonna be last time ordering from them,Negative,76
Pizza Hut Madurai,Mani Kandan,5,2 months ago,Food is very good and nice,food very good nice,Positive,4
Pizza Hut Madurai,shahana kr,5,6 months ago,"Pizza was so cheesy and juicy
staff was very polite and helpful in choosing pizza for kids",pizza so cheesy juicy staff very polite helpful choosing pizza kids,Positive,11
Pizza Hut Madurai,Askar Ali,1,8 months ago,Taste is amazing. But the air conditioner is not working or not enough for the seating area.,taste amazing but air conditioner not working not enough seating area,Negative,11
Pizza Hut Madurai,Noor Jahan,5,a year ago,Good experience and all service nuce,good experience all service nuce,Positive,5
Pizza Hut Madurai,Sanjay,5,3 months ago,Nice taste friendly staff,nice taste friendly staff,Positive,4
Pizza Hut Madurai,Jeyakumar Kumar,5,a year ago,Very approch unionic team split fast in serce,very approch unionic team split fast serce,Positive,7
Pizza Hut Madurai,Sowndharya V,5,3 years ago,Great ambiance and the pizzas were really good!! The behaviour of the staff was very polite and friendly too :) had a great time !!,great ambiance pizzas were really good behaviour staff very polite friendly too had great time,Positive,15
Pizza Hut Madurai,Bhuvanes Waran,1,a year ago,"Tried juicylicious pizza, not worth the toppings is half cooked and pepsi full of water seems they have added half pepsi and half water ,ac not working properly ,cheating in the name of combo",tried juicylicious pizza not worth toppings half cooked pepsi full water seems they have added half pepsi half water ac not working properly cheating name combo,Negative,26
Pizza Hut Madurai,Kumar Muthulakshmi,5,a year ago,"Service very worst 😡😡😡
Food good 😊 😊",service very worst food good,Positive,5
Pizza Hut Madurai,Jaya Kumar,5,2 months ago,Very nice food nice pitza I like ik,very nice food nice pitza i like ik,Positive,8
Pizza Hut Madurai,Priya Dharshini.s,5,7 months ago,Overall a good experience in food and service 🌸,overall good experience food service,Positive,5
Pizza Hut Madurai,Vaibhav Kadam,1,2 months ago,Very bad quality the pizza in image and in real is very different,very bad quality pizza image real very different,Negative,8
